Cell ID,
legmkpam-1,
nhbjhgfh-1,
nfphlilh-1,
ngbnpkkd-1,
ngbpobcg-1,
ngbhlekf-1,
ngaengfa-1,
ngbhlbdc-1,
ngbjaccn-1,
ngbjepoh-1,
ablalcnc-1,
ngbpngfj-1,
ngbphkhp-1,
ngbnnhfb-1,
ngbpkjee-1,
ngcbkfac-1,
ngcemicg-1,
ngbhhkkd-1,
ngcadjca-1,
ngcbiafo-1,
ngacbbao-1,
ngacelce-1,
ngadoiei-1,
ngahhifp-1,
ngadoeli-1,
ngagodfg-1,
ngcdcfmi-1,
ngceminp-1,
ngcencdg-1,
oiifmnec-1,
ngbnlnco-1,
ngcbpmoo-1,
ngbjinjg-1,
oiifmfll-1,
ngabhjmn-1,
ngabnikp-1,
oiielddj-1,
oiifiblp-1,
ngafhpdb-1,
nfpinnop-1,
nfpglkgh-1,
nfpfdhok-1,
ngbojpnc-1,
nfpdbnjn-1,
nfpfjefh-1,
nfpbikoh-1,
nfpfcmgb-1,
nfphafii-1,
nfpihffe-1,
nfpihhji-1,
nfpgdeah-1,
nfphalcg-1,
nfpgailf-1,
nfpfbllo-1,
nfpdmold-1,
nfpeakkj-1,
nfphgjgh-1,
nfpfcpdm-1,
nfpebknp-1,
ngbocmeb-1,
nfpdhjek-1,
nfpdjiif-1,
nfpjipbh-1,
nfpkamio-1,
nfpkabpo-1,
nfpjpcbj-1,
nfpimcjf-1,
nfpiijkh-1,
ngaajaga-1,
nfomlkom-1,
ngbmbgnh-1,
ngbcdkgd-1,
ngapoloa-1,
ngajhepj-1,
oiifdfij-1,
ngajfnof-1,
ngajaapp-1,
ngaiofho-1,
ngaikokb-1,
ngajgcnd-1,
ngahoeff-1,
ngaighme-1,
ngaikdee-1,
ngkgenap-1,
ngkgdcan-1,
ngbkanfn-1,
ngbakbjc-1,
ngagneio-1,
ngapljmh-1,
ngbdcajm-1,
ngapklkl-1,
ngahbojo-1,
ngbbepli-1,
ngbbbbmg-1,
oiifgehm-1,
nganjbbi-1,
ngamklma-1,
ngamahdj-1,
ngkgcjne-1,
ngkghaam-1,
ngkgkmem-1,
ngkgaegi-1,
ngkhfhlp-1,
abklbbcc-1,
ngkhclnm-1,
abkmbeif-1,
ngkgfemh-1,
ngkhakba-1,
ngkdgmle-1,
oiiibebb-1,
ngbcfjff-1,
ngbckecm-1,
ngaoceec-1,
ngbcoill-1,
ngbcmjgh-1,
ngblbgga-1,
ngaphmke-1,
ngaohbcj-1,
oiifcbdn-1,
ngakmjjb-1,
ngklnamc-1,
ngkmfclc-1,
ngkmgdjn-1,
ngbdmclj-1,
ngbeenib-1,
ngbfemil-1,
ngbhecno-1,
ngbgomnd-1,
ngbgkbaa-1,
ngbfcgcb-1,
ngbjnkkh-1,
ngbjnpah-1,
ngblpock-1,
ngbjnoja-1,
ngbmddki-1,
ngbkbchm-1,
ngbkmlbl-1,
ngbkfodh-1,
ngbkjidl-1,
ngaakjpn-1,
nfpbgejf-1,
nfppcomc-1,
ngabepod-1,
nfpbbdcn-1,
nfpnigmf-1,
nfppghob-1,
nfpbdnae-1,
nfphcmik-1,
nfpmebjo-1,
nfpnodfc-1,
nfpnndde-1,
ngbedipf-1,
ngjlhpjf-1,
ngbegpii-1,
ngbeognc-1,
ngbemafk-1,
ngbeonnp-1,
ngbkkmfp-1,
ngblfdff-1,
ngjpooff-1,
ngbloepa-1,
ngjpnhlb-1,
ngjpgehg-1,
ngjnmpid-1,
ngblcbjn-1,
ngknlmjl-1,
nfplmnao-1,
nfplmggm-1,
nfpofelp-1,
nfppcmip-1,
nfopokni-1,
nfpkkpdn-1,
nfppfgkl-1,
ngbegllo-1,
ngbdmlbn-1,
ngbebfdc-1,
ngbhdoap-1,
ngbhflah-1,
ngbheopm-1,
nggbjfoj-1,
ngkmhgjo-1,
ngkfelgn-1,
ngkahofb-1,
ngkbbelj-1,
ngkannlo-1,
ngkalkdf-1,
ngkfahni-1,
ngkdhgbm-1,
ngkebaoh-1,
ngkaiohk-1,
ngkajbjj-1,
ngkcoanf-1,
ngkejbdl-1,
ngkbnfcl-1,
ngkdbeco-1,
ngkfngam-1,
ngknjeji-1,
ngklgjap-1,
ngkipoph-1,
ngknkjlo-1,
ngkifehg-1,
ngklmeha-1,
ngkiahid-1,
oiiigaof-1,
ngkfapbo-1,
ngkfghkk-1,
ngkfffjg-1,
ngkgnmjj-1,
ngkhkkde-1,
ngicjmlh-1,
ngjfmono-1,
ngkcfgaf-1,
ngkhllpb-1,
ngkbhbjl-1,
ngkcpcmf-1,
ngicljek-1,
ngicimmm-1,
ngidpffj-1,
ngieepgh-1,
ngkjeaoj-1,
ngkmmlaf-1,
ngjehpah-1,
ngkkkeha-1,
ngkmpahj-1,
ngkmhbbk-1,
ngkninib-1,
ngkjjnpm-1,
nggeoeei-1,
ngjkllbj-1,
ngkhfnga-1,
ngkmnlpg-1,
ngkhmkpf-1,
nfolmchf-1,
ngjnlcol-1,
ngjoimkc-1,
ngjnlbfe-1,
ngjpgaoe-1,
ngjplifj-1,
ngjmkkmm-1,
oiiijcmi-1,
ngkohnjb-1,
oiiijjia-1,
ngkohjdh-1,
ngkphlfl-1,
ngkplpip-1,
ngkpnpfi-1,
ngkpnhjc-1,
ngkplgck-1,
nfpalngk-1,
nfopebjo-1,
nfplhmfo-1,
nfpkeken-1,
nfoncmhc-1,
nfpacnag-1,
nfplejka-1,
nfplgmgp-1,
nfpkkagm-1,
ngjmhjdj-1,
ngjkndok-1,
ngjmcooa-1,
ngjnhpnj-1,
nggobopn-1,
ngjofome-1,
ngjpanhn-1,
ngjmilnj-1,
ngkphcnj-1,
ngkpdhgh-1,
oiijchbj-1,
ngkomeph-1,
nggmnpfj-1,
ngknkkhm-1,
ngkokpdd-1,
nggneald-1,
nggnjdma-1,
ngjojmda-1,
nfpllbnk-1,
nfopdmlc-1,
ngnhjpac-1,
nfomcjfl-1,
nggpeamg-1,
nfpkchnk-1,
nfpkmllc-1,
ngnfcemo-1,
nfomfmnc-1,
ngnhhaca-1,
nfoloioh-1,
ngjllhje-1,
nfpkdimg-1,
ngcjaoid-1,
ngciplbe-1,
ngcjjfpb-1,
ngcjemjh-1,
ngcjkenl-1,
ngckdngd-1,
ngckgaik-1,
ngcmddok-1,
nfpjojam-1,
nfppkmlk-1,
ngaafgfl-1,
ngaacggd-1,
ngaadpjk-1,
nfppjmff-1,
nfphnfnl-1,
ngcipfjk-1,
ngcjbdpa-1,
nhbampah-1,
ngcoboop-1,
ngcnliko-1,
ngcnmale-1,
oiigegjp-1,
ngcmgake-1,
ngcipcjo-1,
ngcioajg-1,
ngcmhbbk-1,
ngcnjcii-1,
ngcihado-1,
nfppgohi-1,
nfpppabb-1,
nhaghfan-1,
nhfpjhlb-1,
nhbbbnkc-1,
ngcfcpdf-1,
ngcifigc-1,
nhbblgko-1,
ngcihlpa-1,
nhalmcpg-1,
nhahckef-1,
abknjham-1,
nhbbaknk-1,
nhbaoghd-1,
ngcoghkb-1,
nhbaokfi-1,
nhbcmkig-1,
ngcphjfo-1,
ngcmmjgc-1,
nfopkehj-1,
nfppgkon-1,
ngcnajof-1,
ngcmglpb-1,
ngcoedfn-1,
nfooncjh-1,
nhfnppnk-1,
nhalkmdc-1,
nhfnkjjj-1,
nhfnidcg-1,
nhfnilki-1,
nhahmfgf-1,
nhagoild-1,
nhahhllk-1,
nhalkgkg-1,
nhalmgbb-1,
nfopalah-1,
ngcomhii-1,
oiigkamh-1,
ngmlkeck-1,
ngcohdhp-1,
nhapfkdf-1,
ngndecme-1,
ngcndbkj-1,
nhbafeld-1,
nfooabca-1,
ngnapbfb-1,
nhbcgoha-1,
nhanhoek-1,
nhaofnlf-1,
ngmhgilf-1,
nhfncefc-1,
nhapdbha-1,
ngmlbiii-1,
nhanempj-1,
nhanibjm-1,
nhandmgi-1,
nhfndihb-1,
nhalmfpg-1,
ngpkcpgj-1,
nhbnhbkm-1,
ngpjficp-1,
nhbnjcla-1,
ngpjkold-1,
ngpjgjgn-1,
nhbkoebj-1,
ngopdnpe-1,
ngopadae-1,
ngophhap-1,
ngmgpihi-1,
nhbnfeei-1,
ngpkjjan-1,
ngplmkfc-1,
nhbpgjkc-1,
ngpkkcbg-1,
nhbpeppd-1,
nhbochck-1,
ngpkblcm-1,
ngpjlmlb-1,
nhbjndhj-1,
ngfafpjp-1,
nggajbhb-1,
nghepklb-1,
ngipdgia-1,
ngibeldb-1,
ngienegc-1,
ngiepefb-1,
ngigglpk-1,
ngifbhdm-1,
ngigodpe-1,
ngifnnfk-1,
ngifmoon-1,
ngidmicg-1,
ngidlgdj-1,
ngidkmkm-1,
ngiepaec-1,
nghcgakk-1,
ngindibf-1,
ngimnmfk-1,
ngjendko-1,
ngioammm-1,
nginnlcm-1,
ngimcabb-1,
ngilchhc-1,
nginjdkg-1,
ngikoppf-1,
ngiloljo-1,
ngikombd-1,
ngimabdd-1,
ngicpjcp-1,
ngicoalb-1,
ngifdhnh-1,
nghcpdig-1,
nghcnfkh-1,
nghcdmei-1,
nghbfghg-1,
nghflaaa-1,
nghdaamm-1,
nghfhokl-1,
nghfonnc-1,
nghfmcnf-1,
nghefdel-1,
ngikmedg-1,
ngiokamn-1,
ngjahphk-1,
ngjamofc-1,
ngikkcbd-1,
ngikmbie-1,
ngimcicp-1,
nghacjjf-1,
ngimlkki-1,
ngimlhdl-1,
oiiiabdh-1,
ngimlhcm-1,
nghobafd-1,
nggmmbfk-1,
nggckcgl-1,
nggeladh-1,
nggepama-1,
ngjcdfce-1,
ngjjbhaj-1,
ngjjfbbl-1,
ngjeceae-1,
ngjihndf-1,
ngjegbgc-1,
ngjfiljn-1,
ngjinein-1,
ngjkfife-1,
ngjifdph-1,
ngjhajbi-1,
ngjflcim-1,
nggliegf-1,
nggnndfb-1,
nggmloik-1,
nggndiib-1,
nggmlnml-1,
ngglokoo-1,
nggapldb-1,
nggcjjkg-1,
nggbbfhl-1,
nggemblp-1,
nggeagcn-1,
nggfdebk-1,
nggdhdma-1,
nggkihkk-1,
nggeaoji-1,
nggkejlc-1,
ngijoffe-1,
ngjinccc-1,
nggdekkf-1,
nggcnddd-1,
ngjiglhj-1,
ngijgpga-1,
ngiibdah-1,
ngjclifd-1,
ngijnjlj-1,
ngjdboij-1,
ngjglapo-1,
ngggfeac-1,
nggfebfp-1,
nglmnoce-1,
nggajdbn-1,
nggkknoe-1,
nggjhjff-1,
ngggfmpf-1,
nggkkepi-1,
nglmnipj-1,
nggjbbmc-1,
nggbaohl-1,
nggkknma-1,
nggdlfmf-1,
nggpjlip-1,
nghppcjl-1,
nghbmanm-1,
nghlehdo-1,
nghmhgjo-1,
nghlhjop-1,
nghmclkd-1,
nghjmpah-1,
nghgbgnk-1,
nghkglbi-1,
nghgbjnn-1,
nghkfnjm-1,
nghjbjec-1,
nghjhdcj-1,
nghhkbnd-1,
nghpbgmp-1,
ngiaclle-1,
nghaehoe-1,
nghpndgn-1,
ngiamecc-1,
nggpopgn-1,
nghaddga-1,
nghpaacd-1,
ngiabfjo-1,
nghpbcpp-1,
nghahjmj-1,
nghafand-1,
nghbcmie-1,
nghgphnk-1,
nghglbde-1,
ngeekanf-1,
nghgofnf-1,
nghjcnol-1,
ngedcjdh-1,
nghlbian-1,
ngedgmkj-1,
nghkolbe-1,
ngeecbcc-1,
ngedapgj-1,
nghkkndi-1,
lbelgojh-1,
nghabmih-1,
ngekcpja-1,
ngekkemf-1,
ngekpgon-1,
ngiajfem-1,
ngibacno-1,
ngiafdcf-1,
nghpngoi-1,
nghmnkpj-1,
nghmjlok-1,
ngecopne-1,
nghnlhmo-1,
nghhbacl-1,
ngghiiok-1,
ngiipphn-1,
ngikhfok-1,
ngjbppfm-1,
ngipamdl-1,
ngjapjjn-1,
nggpheid-1,
ngihdbkb-1,
ngioffag-1,
ngjbffaa-1,
ngippflb-1,
ngjanmbm-1,
ngjbcomh-1,
nghakofd-1,
ngipliaa-1,
ngjbpobo-1,
nggfpfgg-1,
nggilceh-1,
ngghlfdg-1,
nggjdabl-1,
nglmhkkk-1,
nglklnpp-1,
ngljfnpg-1,
nggjbacp-1,
ngghlbie-1,
ngghlaic-1,
ngggobih-1,
ngijgaom-1,
ngikdopc-1,
ngggppbb-1,
ngfacmgn-1,
ngenlhfi-1,
ngenfami-1,
ngennabo-1,
ngeppfgb-1,
ngikbken-1,
ngfaacnl-1,
ngfalpeo-1,
ngfagmlg-1,
ngjcceok-1,
ngipmknj-1,
ngfaimhk-1,
nggphdlc-1,
ngllakkk-1,
ngllfbnk-1,
ngembmfb-1,
ngljkfce-1,
ngljhled-1,
ngeljeok-1,
ngljgpmk-1,
ngeoncgp-1,
nggjgnpb-1,
nggjgcjf-1,
ngeoopeb-1,
ngeooaab-1,
ngeneobk-1,
ngnhnjna-1,
oiijiljn-1,
ngncimee-1,
ngngofgd-1,
ngngoffl-1,
ngnekmdm-1,
ngnfkljh-1,
ngnecelg-1,
ngnegfie-1,
ngneijkl-1,
ngnfblaj-1,
ngngmlhf-1,
ngglcogb-1,
nggohlhe-1,
nggojpmj-1,
nggliinm-1,
nggnbbid-1,
nggopoff-1,
oiijgomd-1,
ngnebebg-1,
ngncnihp-1,
ngncochp-1,
ngnalpcn-1,
ngndofne-1,
ngndnnhg-1,
ngnceiao-1,
ngnbfdeb-1,
ngnajmmk-1,
ngmpjogj-1,
ngnaegoi-1,
ngnefbpj-1,
ngnifbbf-1,
ngnfploe-1,
ngnieidg-1,
ngneekke-1,
ngnieeaj-1,
ngnjacdo-1,
nggambnh-1,
ngglnoog-1,
nggljodc-1,
nggaonjn-1,
ngfpmddh-1,
ngfpjeck-1,
ngfppkga-1,
ngngijdc-1,
ngmodkoc-1,
ngnbifnk-1,
ngndhgbd-1,
ngnknpbc-1,
ngmoechk-1,
ngnkiphg-1,
ngnjogcm-1,
ngmppfpo-1,
abkmcpnb-1,
ngnhpmef-1,
ngmojild-1,
ngmokaec-1,
ngnibbfh-1,
ngppbhch-1,
nhajphbm-1,
nhajfhnf-1,
nhajaibb-1,
nhaiafkf-1,
nhakjkcj-1,
nhbabiob-1,
nhalkfgd-1,
nhaiokfp-1,
nhahnfee-1,
nhajfjlm-1,
ngmlhjag-1,
ngmloffe-1,
nhbaeiog-1,
ngmmbcio-1,
ngmohdob-1,
nhbihole-1,
ngmhkdjo-1,
nhbiklpg-1,
ngmhjdjm-1,
ngmhcaip-1,
ngmkonlb-1,
ngmkgbkm-1,
ngmjcipf-1,
ngmjlfcd-1,
ngmjhdpi-1,
nhamnlpp-1,
abkncbjk-1,
ngminolg-1,
nhaafdib-1,
ngpplobb-1,
ngppcbme-1,
nhaaihpj-1,
nhabhajj-1,
nhacgldh-1,
ngnjajoa-1,
nhacmpbn-1,
nhabhago-1,
nhacgooa-1,
ngmloloh-1,
nhadgdhi-1,
nhaaojph-1,
nhabkjfa-1,
ngmkdfmo-1,
ngmmdddj-1,
nhbkbajg-1,
ngmmgcmi-1,
oiijlalp-1,
ngmnjnag-1,
ngpmhiap-1,
ngpmjjab-1,
ngpmdppm-1,
ngmmhmoa-1,
nhaabbkg-1,
ngpnhdcg-1,
ngpokomm-1,
nglfpfak-1,
ngllcdbf-1,
ngmbmllk-1,
ngnimkgj-1,
ngninmcd-1,
nglpookp-1,
ngmbjleo-1,
ngmajich-1,
ngnioblb-1,
ngljcjhd-1,
ngfpiplm-1,
ngljcfjh-1,
nggaknkm-1,
nglnlfon-1,
nglmhbfe-1,
nglnbajk-1,
nggaodkh-1,
nglhbapd-1,
nglfmnki-1,
nglhjefl-1,
nglfnihb-1,
ngnkbeck-1,
nglgccco-1,
nglheoaj-1,
ngmckbnc-1,
ngmcmoia-1,
ngmcjfgd-1,
ngnibaha-1,
ngmboojf-1,
ngmbfggi-1,
nglopcai-1,
ngmccfmb-1,
ngmchbci-1,
ngljbakc-1,
ngfhiibh-1,
ngllelom-1,
nglpdonm-1,
nglocibg-1,
ngfhpona-1,
nglljadl-1,
nglpflop-1,
ngfhobgb-1,
nglochic-1,
ngloaanh-1,
ngdnnonc-1,
ngdnoapc-1,
ngdmeoco-1,
nglpbkbc-1,
nglomdio-1,
ngdmfcme-1,
ngdofbbm-1,
nglgcaln-1,
nglodlem-1,
ngdmcpoa-1,
nglggehl-1,
nglpaeng-1,
ngdoieon-1,
nhafomdf-1,
nhaaijhj-1,
nhagfhni-1,
nhadchlf-1,
nhafbgkk-1,
nhadchgp-1,
nhacopcp-1,
nglfojjm-1,
nhadamai-1,
nglhpmoe-1,
nglenfhk-1,
oiikcjlb-1,
nhacjpib-1,
nhafianp-1,
nglibgla-1,
ngmeibfb-1,
ngmmcije-1,
ngmdjaen-1,
ngmmpkjg-1,
ngpnhnpn-1,
ngpobhkl-1,
nhadnmbk-1,
abknmhka-1,
ngmfjgil-1,
nglfgjpk-1,
abknjjld-1,
nhaakpgd-1,
ngpocofd-1,
nfmkgcnc-1,
nhagejbl-1,
nhaffbpo-1,
nfmlokfm-1,
nhagdoej-1,
nhagfpjg-1,
nhafgkde-1,
nfmmgmhf-1,
ngliohoi-1,
nfmmkmpd-1,
nglimaod-1,
nglipdna-1,
nhafcpfh-1,
ngliikgh-1,
ngmfndkj-1,
ngmejadm-1,
ngmddcmh-1,
ngmgojjb-1,
nfmkaclf-1,
ngmdggnn-1,
abknpmhd-1,
ngmgfekk-1,
nfmkgppj-1,
nhaeihga-1,
nhadgipi-1,
nfmjajgc-1,
nfmjcnom-1,
lbceebhn-1,
ngebggdm-1,
ngejppmm-1,
lbepmfka-1,
ngedillo-1,
ngedhalj-1,
lbfdendc-1,
lbfcceic-1,
lbfdcpkj-1,
lbemhihd-1,
lbeloifj-1,
lbenbffm-1,
lbeobedl-1,
lbepipmb-1,
lbekkkff-1,
lbeoajhe-1,
ngejnpaf-1,
ngeigcad-1,
ngeceimf-1,
ngeeackl-1,
ngejgpio-1,
ngecdojh-1,
ngegmhbe-1,
ngebndpp-1,
lbfaehak-1,
lbfaeimb-1,
ngedknig-1,
lbfcmbpi-1,
lbfclppg-1,
ngegbhdl-1,
lbfbebnn-1,
lbeiomin-1,
lbfbnapj-1,
lbekgfnd-1,
lbejiaip-1,
lbfcdaeg-1,
lbejbgai-1,
lbejldje-1,
lbeidcjg-1,
lbeiooni-1,
ohopanfl-1,
ngeiaebk-1,
lbfibnhn-1,
ngeiadip-1,
ngegpnjn-1,
abklmhgd-1,
lbfhoaci-1,
ngehjlhg-1,
lbfbcbak-1,
ngegmbnk-1,
lbfbbkah-1,
ngefokpj-1,
ngegkimg-1,
lbfafkja-1,
ngfeligj-1,
ngfalkaa-1,
ngfbknie-1,
oiihlmdb-1,
ngeiieae-1,
ngejeodk-1,
ngejfhhn-1,
ngeipilc-1,
ngekkldl-1,
ngeagagk-1,
ngekafab-1,
ngeklngc-1,
ngekpdde-1,
ngeameap-1,
ngeadcdb-1,
ngeleldg-1,
ngfcaljc-1,
ngeokhli-1,
ngenohhk-1,
ngfginpk-1,
ngennieg-1,
ngfbphbn-1,
ngfdllde-1,
ngfccanl-1,
ngfccgmc-1,
ngfbhcco-1,
ngfbmehc-1,
ngfagfbe-1,
ngdphnaa-1,
ngdpgeec-1,
ngdophhb-1,
ngdpicim-1,
ngeblegi-1,
ngeamgip-1,
ngebdlha-1,
ngeicgih-1,
ngefbknl-1,
ngeapdkb-1,
ngefmome-1,
ngefipbj-1,
ngebbdcp-1,
ngebmomj-1,
ngealijh-1,
ngfgghei-1,
ngffjdhm-1,
ngfdpibd-1,
ngfdodgk-1,
ngfgfbac-1,
ngfgcdlo-1,
ngffknjd-1,
ngfedmpg-1,
ngfenppm-1,
ngfekpha-1,
ngffehgb-1,
oiihplbn-1,
ngdppglo-1,
lbfghjdo-1,
lbegepgh-1,
lbehmdlh-1,
lbegpajo-1,
lbehbgal-1,
lbehoblk-1,
lbeikjmc-1,
lbeinhmn-1,
lbeicmbn-1,
ohooeghm-1,
lbeicmff-1,
lbebjpci-1,
lbdmhfgi-1,
ohoobhhf-1,
lbfgnobi-1,
lbfhlanm-1,
lbfgiilp-1,
lbfhloml-1,
lbedoodb-1,
lbeeanhj-1,
lbefeffn-1,
lbfgbfga-1,
ngegkhmo-1,
lbeebekc-1,
lbeepnkk-1,
lbeeofkf-1,
lbeheied-1,
lbdjnmhb-1,
lbealbhl-1,
lbeamdlj-1,
lbeapbkk-1,
lbdlpkkh-1,
lbebkhhf-1,
lbebjggm-1,
lbebcmjj-1,
lbebonpc-1,
lbdmnpdo-1,
lbgpnfgd-1,
lbgpjcbm-1,
lbgpooog-1,
lbffpnoa-1,
lbeemoce-1,
lbeeckgp-1,
lbgjibcn-1,
lbgioljb-1,
lbefidia-1,
lbgjcgkn-1,
lbgjagdj-1,
lbdjkemp-1,
lbeefbpj-1,
lbccencn-1,
lbdfpbkg-1,
lbdcmhjj-1,
lbdbdicn-1,
lbdcbehn-1,
lbdbkkgn-1,
lbdbphfi-1,
lbdaleah-1,
lbdbgjek-1,
ngdolejm-1,
lbdckoho-1,
lbdbbobm-1,
lbdbcjbf-1,
ngebjble-1,
lbfedcdi-1,
lbfemcii-1,
lbccmfdh-1,
lbdcndge-1,
lbdeejpl-1,
lbdgpmij-1,
lbdinlkl-1,
lbddidpl-1,
lbdimjcd-1,
lbdinloj-1,
lbdinccc-1,
lbdenjjn-1,
lbdginfa-1,
lbdfedmi-1,
lbdfpckk-1,
lbdamodp-1,
lbdacomo-1,
lbghjnfl-1,
lbdafjji-1,
lbdbepdp-1,
lbghjomf-1,
lbdbfcak-1,
lbggjlpb-1,
lbdbfcfa-1,
lbggobfh-1,
lbfeodjk-1,
lbgnmmdf-1,
lbgpicka-1,
lbgpoifh-1,
lbcedgdo-1,
lbdgggei-1,
lbdeiame-1,
lbdephng-1,
lbcdogla-1,
lbcoklnj-1,
lbdelpfe-1,
lbdgibce-1,
lbdgcjfo-1,
lbdenidm-1,
lbdeloec-1,
lbdekjck-1,
lbdalhjp-1,
nfnbpmli-1,
ngdbican-1,
ngfmbdak-1,
ngfhokdn-1,
ngfjcebm-1,
ngfjhmgh-1,
ngfhoagp-1,
ngfjcghd-1,
ngfikfhg-1,
ngfjakgn-1,
ngfjbdog-1,
ngfpdpll-1,
ngfldeod-1,
ngemjgde-1,
ngencklh-1,
ngepbbpf-1,
ngeokoba-1,
ngendakp-1,
ngdnbihf-1,
ngdmpjfb-1,
ngdkjdge-1,
ngdnefah-1,
ngdbkkld-1,
ngdnnfnp-1,
ngdnkcge-1,
ngdnmkpl-1,
ngdmaadp-1,
ngfkfeci-1,
ngfhhgoe-1,
ngdlbfbe-1,
ngfjjlon-1,
ngfpekhm-1,
ngfohhcd-1,
ngfmfeik-1,
abknbaje-1,
ngfnanoc-1,
ngfoifih-1,
ngfmmlgc-1,
ngflekam-1,
ngflmhcb-1,
ngflimon-1,
ngfhgmka-1,
ngfgobgg-1,
ngfeagkf-1,
ngflbkkf-1,
ngdldiki-1,
ngdjanhb-1,
ngdbklnd-1,
ngdebddk-1,
ngdhhgdp-1,
ngddjkih-1,
oiihiail-1,
ngdhficc-1,
ngdboekh-1,
ngdfijkd-1,
ngdhfddl-1,
ngdfoeld-1,
ngfohjoo-1,
nfmlclom-1,
nfmlpfoa-1,
nfnankni-1,
nfmnbnjn-1,
nfmnmfei-1,
nfmmeffj-1,
ngdlhmpm-1,
ngdlkidm-1,
nfmodoej-1,
ngdlmgdj-1,
ngdedadm-1,
ngdlhaej-1,
ngdllgjg-1,
nfmpgiam-1,
nfnadgba-1,
ngdlopal-1,
abknomdf-1,
abkjnlpd-1,
nfmkbnma-1,
abkojldd-1,
nfmlffli-1,
nfmpejgm-1,
nfmllldc-1,
nfmnkdkp-1,
nfnflbpk-1,
nfmmcgid-1,
nfmkdcde-1,
nfmlkfne-1,
nfnflage-1,
nfnbafhc-1,
nfnakkpn-1,
abknfeni-1,
ngddhgcg-1,
nfmpmifk-1,
nfnbdede-1,
ngddfclp-1,
ngddcpaa-1,
nfnapihg-1,
ngdbopbh-1,
ngdenocf-1,
ngdfifkh-1,
ngdfcacb-1,
ngdeejam-1,
nfnobhgh-1,
nfnpeflp-1,
nfnphjff-1,
nfmlcdfo-1,
nfmokdom-1,
nfmomoig-1,
nfnfgjki-1,
nfngnhfa-1,
nfnfhlgp-1,
nfngffaf-1,
nfnfhknm-1,
nfnbgcpa-1,
nfmplojl-1,
ngddjfga-1,
lbcloibe-1,
ngfnjogl-1,
ngfnepaj-1,
ngfoapnf-1,
ngfklgoh-1,
lbcienfg-1,
ngfmibhj-1,
lbchijjm-1,
lbciomoj-1,
lbcijeab-1,
lbcihgbn-1,
abkmpcce-1,
lbcgpddc-1,
lbcgllik-1,
ngfdnnok-1,
lbccmjem-1,
lbacdhgk-1,
ngfnbobm-1,
lbafkeci-1,
ngdhnhpf-1,
ngfnlgig-1,
lbcmphfp-1,
lbaekhbm-1,
ngdiiihm-1,
ngdikbkp-1,
lbcmojmd-1,
ngdhkkig-1,
lbafnndp-1,
ngfnpkff-1,
lbckmcfc-1,
lbcgpogf-1,
lbcdolhk-1,
lbcficig-1,
lbcfejmg-1,
lbchniki-1,
lbcfkkke-1,
lbchamfo-1,
lbceoolg-1,
lbciaefd-1,
lbccfdho-1,
lbccihil-1,
lbcfojpo-1,
lbcnbhgp-1,
lbaedabe-1,
lbadflpa-1,
lbacpndl-1,
lbagfaoi-1,
lbafpjjm-1,
lbagdjjb-1,
lbaehmnd-1,
lbacmcal-1,
lbcnjlkp-1,
lbcnafej-1,
lbcnhopm-1,
lbcnlomg-1,
lbcnenai-1,
lbacdjic-1,
lbakldlh-1,
nfnefifc-1,
nfnepinj-1,
lbaklflg-1,
ldnphege-1,
ngdabjdg-1,
ngcppfdn-1,
ngddjano-1,
ngcpijal-1,
ngdaghki-1,
nfnedncb-1,
ngddlonh-1,
ldnphkon-1,
ldoaibod-1,
lbajfndc-1,
nfnghfli-1,
lbajbakf-1,
nfnoenih-1,
nfnpcmck-1,
nfnejjkb-1,
nfnodkkj-1,
nfngkfhf-1,
nfnfmckl-1,
nfmpamip-1,
nfnnlkdd-1,
ldnjgdfm-1,
nfndnlml-1,
lbakfahg-1,
lbakdhcg-1,
lbalgcge-1,
lbajnnkc-1,
lbacchgo-1,
ldoagjmn-1,
lbajpgch-1,
lbakkmjh-1,
lbajkkni-1,
lbahancn-1,
lbaccpcl-1,
lbahkkkp-1,
lbagplao-1,
lbagljic-1,
ldnlecan-1,
ldnheikn-1,
ldnkoehl-1,
ldnjkfoc-1,
ldnhnpmk-1,
ldnjkehd-1,
ldnhpapp-1,
ldnicpfj-1,
ldnkdaal-1,
lbaifpmh-1,
lbaiocek-1,
lbaipgaf-1,
lbajakfp-1,
nfoalkpk-1,
nhhkmedl-1,
nhbhmdjo-1,
nhbnoimb-1,
nhcaende-1,
nhboeehb-1,
nhcapoac-1,
nhbnmnip-1,
nhbnkjfj-1,
nhbkknhh-1,
nhbhmkbh-1,
nhbkjbmc-1,
nhblgbdd-1,
nhbjfgfm-1,
nhbikjmo-1,
nhbjabfb-1,
nhbldefj-1,
nhbhplcb-1,
nhbpgbam-1,
nhhkfekm-1,
nhbljdjo-1,
nhhjdefm-1,
nhbngeke-1,
nhblhkah-1,
nhblmdpa-1,
nhcbhfbi-1,
nhbphclf-1,
abkkeijp-1,
nhcbdnpe-1,
nhcbihck-1,
ngnppajg-1,
nhbgmnjj-1,
ngoccffe-1,
nhbpnece-1,
nglapdlj-1,
nglapgfo-1,
nhbgeknj-1,
nhbkadkj-1,
nhbkhddo-1,
nhbgfkkd-1,
nhbgfgkd-1,
ngkpolpn-1,
nhbialof-1,
nhbikbob-1,
nhbhkmgp-1,
nhbeihaa-1,
nhhklkfa-1,
nhbhdpdi-1,
nhhjadkb-1,
nhbfcfjk-1,
nhbfaidh-1,
ngogmpdg-1,
nhbfglfa-1,
nhbfemek-1,
nhbgamil-1,
nhbfgmib-1,
nhbddnjj-1,
abldjoll-1,
ngoigekj-1,
abldncen-1,
nhbhcahg-1,
ngoioimm-1,
nhhmlkdh-1,
ngogdmbc-1,
ngojdphh-1,
ngokhaee-1,
nhhkpbog-1,
nhbddpjn-1,
ngogcane-1,
ngoipioe-1,
ngoiinie-1,
nhhmbndh-1,
ngojbnfh-1,
nhhmekjp-1,
ngokgdgp-1,
nhhpcinh-1,
nhhnopoc-1,
abldagfg-1,
nfoilebj-1,
ngnpgjil-1,
ngoandoo-1,
ngofbfch-1,
ngoafkgk-1,
ngocmibc-1,
ngobhnbe-1,
ngmeobfd-1,
ngoblfkd-1,
ngobpbhp-1,
nglbhpkj-1,
ngldhjam-1,
nglbhdkm-1,
nglcfklj-1,
nglcjfhp-1,
nglbchmd-1,
nglafklk-1,
nhbekmff-1,
ngodieem-1,
ngodkfpo-1,
ngohhmed-1,
ngoejpjd-1,
nhhmddnf-1,
ngofkbkm-1,
ngofofpm-1,
ngoidbcp-1,
ngofgbgl-1,
ngoelodf-1,
ngofocpe-1,
ngofgajh-1,
nfoamhak-1,
nglbkkfe-1,
ngldejlb-1,
ngldillg-1,
nfocnpkn-1,
ngldfkbd-1,
nglcfoal-1,
nfobfemb-1,
nfocbncb-1,
nfnpnccj-1,
nglediio-1,
ngodfdij-1,
nglboled-1,
ngodeccd-1,
ngodfigb-1,
ngofeafk-1,
nfoipgan-1,
ngnphlpo-1,
nfoibdcd-1,
ngnpaeoe-1,
nfojlkpb-1,
nfohmcea-1,
ngoelgik-1,
nfolbmel-1,
nfolbigi-1,
ngoefima-1,
ngofenmo-1,
nhjgelnh-1,
nhjggjdh-1,
nhjhkjap-1,
nhjgafbl-1,
nhhnnbbe-1,
nhjfpcbc-1,
ngnnjmef-1,
ngokfifh-1,
ngnnmfic-1,
ngokjnmn-1,
nhhmicmk-1,
ngnmlohg-1,
ngnmeepd-1,
ngnnbddf-1,
ngnocoed-1,
nhjjgmlb-1,
nhjemlmo-1,
nhjnneng-1,
nhjehenc-1,
nhjgjhme-1,
nhjgpfdl-1,
nialenci-1,
nhjemndb-1,
nialdlal-1,
nhjhddeo-1,
nhjehopk-1,
nfmgmnkk-1,
ngnmipka-1,
ngnlmgnm-1,
nfmghipg-1,
ngnomlao-1,
nhjilijm-1,
ngnpfmgk-1,
nfmgmkpe-1,
nhjicoma-1,
niaflllp-1,
niakccln-1,
nhjookdn-1,
nialopbf-1,
nhkaghnh-1,
niamigek-1,
nhjookcb-1,
nhjpilgj-1,
abkpffhc-1,
nhkabdph-1,
nhjnobcc-1,
nhjeogin-1,
niagcahg-1,
niafjcjd-1,
abkhehkd-1,
nflpnfjp-1,
nfmdnpgn-1,
nfolkgml-1,
nfojgjmf-1,
nfokmjjm-1,
nfofmoeo-1,
nfohdimb-1,
nfoafijd-1,
nfofjiao-1,
nfnpkenj-1,
nfoclnok-1,
nfodfnfc-1,
nfoeimmb-1,
nfocbcih-1,
nfoejijm-1,
nfocpeln-1,
nfodafol-1,
nfobgcnm-1,
nfohgkcf-1,
nfmepmcj-1,
nfmeoagn-1,
nfoielao-1,
nfmeabie-1,
nfoickkb-1,
nfoldidh-1,
nfolemdn-1,
nfokbdji-1,
nfollomk-1,
nfoinmng-1,
nfolahjk-1,
nfokpoip-1,
nfnkchlo-1,
nfnmmejn-1,
nfnpefic-1,
nfnjbndi-1,
nfnpkbhb-1,
nfnihcjf-1,
nfoeikeg-1,
nfocbhcl-1,
nfogaafm-1,
nfogfgkh-1,
nfnpjopg-1,
nfoemfec-1,
nfnijfde-1,
nfoknjpm-1,
nfnjdogo-1,
nfnibiek-1,
nfmdocpa-1,
nfmcjcpd-1,
nfmchojd-1,
nfnmamod-1,
nfnjjnca-1,
nfnjklni-1,
nfnlibmh-1,
abkjmhgi-1,
nfnkjeek-1,
nfnlccmh-1,
nfnjgppg-1,
nfmikfnk-1,
niaeongo-1,
niambgll-1,
nfmgjifk-1,
nfmbklgn-1,
nfmicicb-1,
niafcjdd-1,
nfmgndab-1,
nfmbebeg-1,
nfmfdill-1,
niafbboi-1,
nfmfmjjl-1,
nfmigaed-1,
nfmgeccd-1,
nfmfikhl-1,
niafehcb-1,
nialibil-1,
niahkbjh-1,
niallbkl-1,
niahcfno-1,
nianfebp-1,
niankenn-1,
niagiekp-1,
niahddnd-1,
abkhlhfc-1,
niaghgib-1,
niahlmmi-1,
nialnmmj-1,
niadhpfh-1,
niaemoip-1,
nfmikjeo-1,
niaejoaj-1,
niadmddm-1,
nfmanobd-1,
nfmimdkl-1,
nflphdck-1,
nfmiheld-1,
niaikgin-1,
nfmbfokl-1,
nfloegcn-1,
nfmceoho-1,
nfnhcjfj-1,
nfmdflhe-1,
niajdkpa-1,
nianbijm-1,
nibcmbeb-1,
nianhpjj-1,
niahebem-1,
niajmjlh-1,
niaigjna-1,
niamlclk-1,
niadgphg-1,
niajphoj-1,
niabdoea-1,
niaemlpa-1,
nfloinlj-1,
ldponkea-1,
ldnejcnf-1,
nfnkkgil-1,
nfnlehnj-1,
nfnjknfd-1,
ldndbmpo-1,
nfnmkaep-1,
nfnkeimg-1,
ldoambob-1,
nfnjbcni-1,
ldnklpmp-1,
ldnlgadg-1,
ldncocep-1,
nfnjcphn-1,
ldoaolbo-1,
nfnngjbh-1,
nfnmpkcb-1,
ldnblkgc-1,
ldpohmkc-1,
nflnaokn-1,
nflogaop-1,
nflnhccm-1,
nflndbcl-1,
nflncpcg-1,
ldpkmodi-1,
nfnloppd-1,
ldpkkkac-1,
ldndojdb-1,
ldnekgmc-1,
nfnmejhe-1,
ldnfnbmf-1,
ldncngjd-1,
ldnmkiii-1,
ldnnlaak-1,
oiacnhpf-1,
ldobcaho-1,
ldnlilgi-1,
ldnmmnhk-1,
ldobjdjh-1,
oiacpggo-1,
ldoailhh-1,
ldnnncea-1,
ldobkheg-1,
ldobopoh-1,
ldpkaedf-1,
ldpppiln-1,
ldpkclbg-1,
ldpopjoh-1,
ldplbalg-1,
ldpkcdkp-1,
ldpkaepm-1,
ldplpoae-1,
ldnellco-1,
ldngcfie-1,
ldnckamd-1,
ldngcief-1,
ldnfpdkp-1,
abkglgkm-1,
nflpdooc-1,
nfmagege-1,
nfmaniog-1,
ldpiehjh-1,
nflphhkl-1,
ldpijdgi-1,
ldpikide-1,
ldpienap-1,
nflonapo-1,
ldpogphe-1,
nflpcdin-1,
ldpnhnce-1,
nflogemh-1,
nflpbedk-1,
ldpocpkh-1,
nhppfhbf-1,
niadeafc-1,
niacnaff-1,
niadcipp-1,
niacngbi-1,
niabfeck-1,
nhpokpgf-1,
niacgipa-1,
nhpofkbj-1,
niabcebe-1,
niabpnob-1,
niaachck-1,
nhpoepkp-1,
leacfklj-1,
ldpibahb-1,
ldpidpeb-1,
leachbci-1,
ldpomdik-1,
abkgjkal-1,
ldpppgoc-1,
ldpjfeme-1,
leacipgp-1,
ldpipafo-1,
leaaejni-1,
ldpoihga-1,
leaabjao-1,
ldpjemmg-1,
ldpebjca-1,
ldpgdchp-1,
ldpgfnff-1,
ldpfllje-1,
niackaop-1,
ldpeapom-1,
ldpdpmoe-1,
ldpggkjm-1,
ldpfhbbc-1,
ldpfandi-1,
leacelcg-1,
ldpfhcgd-1,
nflmnmhm-1,
nicaifgm-1,
niaponeh-1,
nibcoega-1,
abkhkagm-1,
abkhaocp-1,
nibaihpe-1,
nibcajjn-1,
nibadepf-1,
nibdkfmi-1,
nibdhgnd-1,
nibdanie-1,
nibbccgd-1,
niaojlij-1,
nibaegdf-1,
niapjmnl-1,
nibclbll-1,
niaojgdk-1,
nibcjohj-1,
nibegcnd-1,
nibehldg-1,
niapambk-1,
nibeiafg-1,
nibghpck-1,
niaomedo-1,
niapafac-1,
niailjhj-1,
nicbapci-1,
nicammfd-1,
nibpkgkp-1,
nicapdih-1,
nicaldgm-1,
nicbhcpj-1,
nibehfpk-1,
niaogcpn-1,
legenflb-1,
nibfkapk-1,
nicallgd-1,
niccolej-1,
nibdoblm-1,
nibfgdgl-1,
nibebibo-1,
nibglpmd-1,
nicbkphi-1,
nicblajf-1,
nibdknic-1,
nibgepph-1,
nibegacm-1,
nibfaafc-1,
nibdkgej-1,
niccgljk-1,
nibgkjpl-1,
nibimhdh-1,
nibpfbhk-1,
nicdbfne-1,
nibjijpk-1,
nibikfbn-1,
nibobplj-1,
nicajjnp-1,
nibilamk-1,
nicdeiek-1,
nibodkgp-1,
nicdbofn-1,
nibohnmc-1,
nicbknod-1,
leglcinp-1,
leggppkh-1,
leggmjpb-1,
nibelngc-1,
leghcfpc-1,
legigeaf-1,
legglheg-1,
legipanf-1,
legibplf-1,
legidjbm-1,
ldpeammo-1,
nibfbgdo-1,
nhpoaioc-1,
legilkkg-1,
legeljmp-1,
nibkepni-1,
legempcp-1,
legmpdfc-1,
leglgoho-1,
legmknjf-1,
leglklgc-1,
legmhmkm-1,
leglhakb-1,
legmppce-1,
legnbeif-1,
leglljgj-1,
legldmng-1,
legeindg-1,
niblagcc-1,
niblbeeb-1,
nibknlga-1,
nibicgme-1,
nibjgdbm-1,
lefocfhe-1,
legfdnge-1,
legejplf-1,
legcojoi-1,
legfdaoo-1,
legdghmm-1,
abkgiklm-1,
lehcdemp-1,
legeceom-1,
legfhkii-1,
lehbplck-1,
lehaodmj-1,
abkhaakk-1,
lcbemfdp-1,
lcmameaj-1,
lcigjhcl-1,
lbmcfpfl-1,
lbglfejb-1,
lblhdnod-1,
lbedbofa-1,
lbganfam-1,
lbdlojim-1,
lbgafhbk-1,
lbgabgmn-1,
lbeabojh-1,
abiongmp-1,
lbgaaodh-1,
lbdnmion-1,
lbechnce-1,
lbecafkc-1,
lbdohmca-1,
lbeddcka-1,
lbgdglil-1,
lbdpfogj-1,
lbdopdee-1,
lbfpjbog-1,
lbdodfmd-1,
lbdpfjbi-1,
abipdpmh-1,
lbdppldp-1,
lbdkieik-1,
lbjcgbfj-1,
lbfmjkih-1,
lbgapjlj-1,
lbflacgn-1,
lbfmflnl-1,
lbfnbiap-1,
lbfnbode-1,
lbjbmffc-1,
lbfneaan-1,
lbfmmekk-1,
lbjaiggd-1,
lbfnpopm-1,
lbgdegdj-1,
lbgcgpae-1,
lbionopl-1,
lbgckada-1,
lbfkpgge-1,
lbjcphjh-1,
lbgeimbn-1,
lbjdbagn-1,
lbflpphb-1,
lbfmlbbf-1,
lbfllmmc-1,
lbflfdko-1,
lbgakfkf-1,
lbgcehlp-1,
lbdkbndc-1,
lbdjlhji-1,
lbedfmfd-1,
lbgbabac-1,
lbeajifk-1,
lbedecok-1,
lbeahkbl-1,
lbdkceda-1,
lbdkfalg-1,
lbdjnnbm-1,
lbeakapa-1,
lbgblcjd-1,
lbedlnnh-1,
lbgbmcpm-1,
lbechojo-1,
lbdkgeep-1,
lbgkpmcb-1,
lbdinmbi-1,
lbgldnpo-1,
lbfkmlfo-1,
lbgkefhf-1,
lbfkkjpj-1,
lbhehkdk-1,
lbgkeina-1,
lbheggkb-1,
lbdjdnnn-1,
lbdkidbb-1,
lbdjoidg-1,
lbldofcb-1,
lbfkgncm-1,
lbfihhlj-1,
lbgfdclc-1,
lblekifp-1,
lbgfhenf-1,
lbgffpkk-1,
lbgemdpk-1,
lbgcgcen-1,
lblejdci-1,
lbiomoop-1,
lbgedaha-1,
lbgeoajn-1,
lbgbpgjb-1,
lbfifkck-1,
lbfkoajo-1,
lbfjgmoo-1,
lbfkdffn-1,
lbfkccpe-1,
lbficphg-1,
lbfichkb-1,
lbfkbaad-1,
lblgkonm-1,
lbfigpeo-1,
lbfijngj-1,
lbfjclnd-1,
lblgpgom-1,
lbigihgo-1,
lbjclcdg-1,
lbiijdmj-1,
lbjcobpl-1,
lbjbhkje-1,
lbimggfk-1,
lbipbcac-1,
lbinkjip-1,
lbiomchg-1,
lbjabkbb-1,
lbikcgmp-1,
lbjaflka-1,
lbjcpfkb-1,
lbiljhac-1,
lbjdcfdk-1,
lbihmmnn-1,
lbilokdf-1,
lbikhkef-1,
lbijkppk-1,
lbjcacnc-1,
lbijhggg-1,
lbiilfmp-1,
lbjcopic-1,
lbkaaefk-1,
lbjpmiid-1,
lbjpilhc-1,
lbjobonm-1,
lbimfioo-1,
lbimkeoi-1,
ohpahedc-1,
lbjjcfeo-1,
lbjohpdf-1,
lbimfbje-1,
lbjnpmjl-1,
lbkbhoka-1,
lbkcghfi-1,
ohpbajkg-1,
lbkanpec-1,
lbkbmphc-1,
lbikhoog-1,
lbkcbaej-1,
lbkadlcb-1,
lbikkkbn-1,
lbilepmi-1,
lbjomalc-1,
lbjplbla-1,
lbilgoeo-1,
lbkjlbnf-1,
lblhiclp-1,
lblgdbeg-1,
lblfibii-1,
lblhnfag-1,
lblfoopl-1,
lblfoebp-1,
lblijcab-1,
lblhngbe-1,
lbihgoin-1,
lbjdeofd-1,
lbjdncpe-1,
lbighacf-1,
lbioockn-1,
lbigmoli-1,
lbihigkc-1,
lblbfhpf-1,
lblcckfm-1,
lblclhdm-1,
lbldnhbe-1,
lblkelmh-1,
lblhlbhf-1,
lblbjocg-1,
lblhgoja-1,
lblhhjno-1,
lblflamj-1,
lblgggej-1,
lblkimnf-1,
lbljldlp-1,
lbkhpmgi-1,
ohpbanjj-1,
lbkhkpkf-1,
lbkckbke-1,
lbjnpbnc-1,
lbkhhjcn-1,
lbkbofai-1,
lbkannep-1,
lbjmncoa-1,
lbjmmioi-1,
lbjkdjfn-1,
lbjlpecm-1,
lbjmkpeh-1,
lbigmfgh-1,
lbkfcibb-1,
lbkiflea-1,
lbkjpjim-1,
lblilmjb-1,
lbkigbbp-1,
lbkjchmj-1,
lbkiebbp-1,
lbkfmlij-1,
lbkhdnli-1,
lbkfiafc-1,
lbkemjjp-1,
lbkhedki-1,
lbkigjln-1,
lbkonmig-1,
lbhggnbe-1,
lbhfmjea-1,
lbglkblc-1,
lbgmbinp-1,
lbgneanm-1,
lbgnocbl-1,
lbhfklmb-1,
lbgohimc-1,
abklochi-1,
lbhafclc-1,
lbhahalm-1,
lbgokkfp-1,
lbhaakaj-1,
lbhenppd-1,
lbgpbadl-1,
lbglelgh-1,
lbgjjgcf-1,
lbhjafdk-1,
lbhiambo-1,
lbghmoml-1,
lbghkkin-1,
lbhiolik-1,
lbgimeka-1,
lbgigdaj-1,
lbgikiek-1,
lbgmkcfj-1,
lbgnhbga-1,
lbgnicbj-1,
lbglihag-1,
lbhfmchn-1,
lbkodkha-1,
lbhhbphc-1,
lbhfaamd-1,
lbladoil-1,
lbhfaido-1,
lbhdpcbi-1,
lbhddaed-1,
lbhdmall-1,
lbhdmidf-1,
lblaccob-1,
lbladaed-1,
lbhfnnai-1,
lblaikca-1,
lbhdodcf-1,
lbhgedif-1,
lbibkgdi-1,
lbibefcl-1,
lbiahimj-1,
lbhhbohn-1,
lbibglgo-1,
lbkpanhh-1,
lbhhfaob-1,
lbibcmlj-1,
lbhhdjll-1,
lbhhmekn-1,
lbkpmgbg-1,
lbhhcmlg-1,
lbhcblod-1,
lbcoakok-1,
lbhcimka-1,
lbcnpdhm-1,
lbcnmldp-1,
lbhcghlg-1,
lbhcaokb-1,
lbgfhjmm-1,
lbhcepbf-1,
lbgfolej-1,
lbgfpmaf-1,
lbghiabg-1,
lbhiipja-1,
ohopehea-1,
lbgifela-1,
lbcobbep-1,
lbcobnni-1,
lbcpcfic-1,
lbbklkob-1,
lbbibgnm-1,
lbbolami-1,
lbbicjah-1,
lbcockng-1,
lbbjnicc-1,
lbcoccbl-1,
lbdaadgo-1,
lbbkbala-1,
lbbklkfe-1,
lbhcfdgn-1,
lbienekj-1,
lbieljmo-1,
lbbjjoem-1,
lbifjmjk-1,
lbifichf-1,
lbbilmad-1,
lbhgjdff-1,
lbhgnlgf-1,
lbhbjokm-1,
lbhahkdc-1,
lbhgcgba-1,
lbhbmggp-1,
lbiaejfa-1,
lbhapcmn-1,
lbbljaih-1,
lbnolbcf-1,
lbhlgjnn-1,
lbbhgjmj-1,
lbiecgpk-1,
lbhkdigd-1,
lbhkpbeb-1,
lbbkmonh-1,
lbhkombn-1,
lbhjohfg-1,
lbbknhfg-1,
lbbjmelj-1,
lbbijngj-1,
lbibneld-1,
lblkkpff-1,
lbhmnhpb-1,
lblkjppc-1,
lbllciik-1,
lblknijh-1,
lblbdcpd-1,
lblklked-1,
lblbgkgl-1,
lblkpmbf-1,
lblbelhn-1,
lblliefh-1,
lblknlph-1,
lbllaldh-1,
lbllbhid-1,
lblaofja-1,
lblbfkfl-1,
lbhnokdm-1,
lbidoahn-1,
lblpjlec-1,
lbhoenim-1,
lbidgihk-1,
lbmafnfh-1,
lbicloin-1,
lbhnhpfl-1,
lbhmojlp-1,
lbhnejpe-1,
lbichlgl-1,
lbibpmhd-1,
lbhnlaag-1,
lbjgkmid-1,
lbkmfieo-1,
lbknmbfe-1,
lbkobekp-1,
lbknclei-1,
lbkhcgmp-1,
lbkmhogl-1,
lbkkcndj-1,
lbkneoki-1,
lbkngeoo-1,
lbkndmkj-1,
lbkgnkeh-1,
lbknchdo-1,
lbkihcmh-1,
lbmbfobm-1,
lblphdia-1,
lbmadmcl-1,
lbmajcon-1,
lblomfka-1,
lbmdbldg-1,
lbmbplbm-1,
lbjgeiob-1,
lbklgjoo-1,
lbkkfnge-1,
lbknfbda-1,
lbklfkia-1,
lbkkojmk-1,
lblphmli-1,
lbigdlpi-1,
lbiepfmn-1,
lbigchfd-1,
lbiepljm-1,
lbiaelhm-1,
lbhmdljb-1,
lbhpmfhb-1,
lbifmkhk-1,
lbigbkoh-1,
lbhlmpfj-1,
lbhoilpk-1,
lbhognam-1,
ohopmaai-1,
lbhmbfob-1,
lbhpimla-1,
lbnnkopc-1,
lbhlhine-1,
lbhlgapk-1,
lbhlmfnc-1,
lbhjcnpj-1,
lbhjcgcc-1,
ohopgjip-1,
lbhjegfp-1,
lbmjcmle-1,
lbiggpli-1,
lbifmbae-1,
lbifgjel-1,
lbmibdmf-1,
lbmiheki-1,
lbmcgljd-1,
lbmicogh-1,
lbmgajif-1,
lbmgconl-1,
lbmalfeg-1,
ohpbpnki-1,
lbmcfoil-1,
lbmigfig-1,
lblpdpoi-1,
lbmenjkj-1,
lbmibkpm-1,
lbmcachh-1,
lblogejb-1,
lbmhilji-1,
lbmiipae-1,
lbmimfho-1,
lblllfjl-1,
lbmiaode-1,
lbllklip-1,
lbmhpcbl-1,
lbnkokki-1,
lbmhlgkj-1,
lbmilinj-1,
lbmigbcc-1,
lbllkgdk-1,
lbmifbga-1,
lcghgdcf-1,
lcecfkmi-1,
ohphmolk-1,
lcecmcnl-1,
lcefpjac-1,
lbjifion-1,
lcegelfc-1,
lcefjnnb-1,
ohpacpnb-1,
lbjiddoi-1,
lbjjdkpc-1,
ohphllnb-1,
ohphiiak-1,
lceggjoe-1,
ohphkeca-1,
ohopmdfj-1,
lcefihok-1,
lcedgnbl-1,
ohpblfoc-1,
ohphokac-1,
ohpapehm-1,
ohphcaic-1,
lceejdkl-1,
ohphejcn-1,
ohpieloo-1,
ohpaibac-1,
lcegjknn-1,
lcefkbpd-1,
lcdmlihm-1,
lcdpnmoh-1,
lcdnnjmb-1,
lcecfpnj-1,
lcedjejj-1,
lceccpme-1,
lcebopih-1,
lcecafkd-1,
lceckmpp-1,
lcebjcbb-1,
lcecilcj-1,
lcdnmghk-1,
lceccgic-1,
lcdnhogj-1,
lcdmjool-1,
ldfnhldo-1,
ldfnkgem-1,
lbjhmfkh-1,
lcgjcmgl-1,
lbjlmpoj-1,
lbjlmmff-1,
lbjikgln-1,
lbjlfide-1,
lbjlnoff-1,
lcedoana-1,
ohpidblf-1,
lcegjcml-1,
lceebepf-1,
lbjlmekk-1,
ohpbelif-1,
ohpbnehl-1,
abiogpmp-1,
ldfoigbf-1,
lbkealmn-1,
lbkdpfng-1,
lbkdlnko-1,
lbkdjfbk-1,
ldfnmpmf-1,
lbjicjjd-1,
ldfnhokd-1,
lbjgoldb-1,
lcghgecf-1,
lbjhmgdj-1,
lbjhdegl-1,
lcgjblkc-1,
lcgfeddf-1,
lcgikcep-1,
lcgepnob-1,
lcgfipgl-1,
lcgfeabo-1,
lcgiihap-1,
lceeeohi-1,
lcgienkm-1,
lceeibmo-1,
lcebibfg-1,
lcecnbdd-1,
lcedpafp-1,
lcgikgnl-1,
lcghnoda-1,
lcgghmia-1,
lcgfenan-1,
lcghlhkh-1,
lcgeklgl-1,
lcgenjdh-1,
ldfnfmda-1,
lcgfoihg-1,
lcggogkm-1,
lcghdelj-1,
lcghcikc-1,
lcgemlcb-1,
lcgjlbjc-1,
lcejilnf-1,
lcelaapp-1,
ohpjjpng-1,
ohpjbidf-1,
lcdhgile-1,
lcemjacn-1,
lcenddho-1,
lcdpebjm-1,
lcdiaolf-1,
lcdifgpn-1,
lcdihbam-1,
lcdmdeom-1,
lcdjpbbl-1,
lcdjkmch-1,
lcelohhe-1,
lcdkjlbk-1,
lcdjilno-1,
lcdkdkah-1,
lcdmdjho-1,
lcekhdok-1,
lcdjedjc-1,
lcdjikld-1,
ohpgjeon-1,
ohpihfje-1,
lceoohkp-1,
lcelndmm-1,
lceoabog-1,
lcfadddg-1,
lceocehl-1,
ohpjlmdb-1,
lcfdmhca-1,
lcejbmem-1,
lcfbfanm-1,
lcfdkllb-1,
lceilpbc-1,
lceijcan-1,
lcepgakh-1,
lceimhmi-1,
lcepoccc-1,
lcelnefm-1,
lcfaeodo-1,
lceibebj-1,
lcdlmbge-1,
lcdknadn-1,
lcgfijpi-1,
lcdmbmho-1,
lcdfodfi-1,
lcdgnifm-1,
abjajbjh-1,
lceglkai-1,
lcdhcmlg-1,
lcdmgaok-1,
lcehmllk-1,
lcejegfm-1,
lcekeacb-1,
lcehbbgk-1,
lcekcobc-1,
lcflcchd-1,
lcgbdmcj-1,
lcfkmfap-1,
lcfpaapb-1,
lcfnheka-1,
lcfofohc-1,
lcfklica-1,
lcgeimdo-1,
lcfoeeaa-1,
lcflojbl-1,
lcfldgjk-1,
lcdkkikm-1,
lcflmkln-1,
lcfhohge-1,
lcfihpbf-1,
lcfihpip-1,
lcfilcae-1,
lcfjakkd-1,
lcehaaal-1,
lcfbamik-1,
lcfegjba-1,
lcffcijl-1,
lcloebgj-1,
lclojeia-1,
lcfaoald-1,
lclohlbo-1,
lcfafcjg-1,
lcfgmkpp-1,
lcfpaehe-1,
lcfnagmo-1,
lcfgmpea-1,
lcfgdolp-1,
lcfgiooj-1,
lcmbifoo-1,
lcfgjcbk-1,
lcfhnnah-1,
lcfifdii-1,
lcfigmpg-1,
lcfibmml-1,
lcflkped-1,
ldiefeag-1,
lbmebnci-1,
abipdhdk-1,
lbjfgkhg-1,
lbjffkae-1,
ldfpbeni-1,
lbjfgmng-1,
lbkcmefp-1,
ldfpgjjg-1,
lbkcnkcj-1,
oiaafbdo-1,
lbkdfdho-1,
lbkebnpl-1,
lbkdhbli-1,
abipeblg-1,
abipebpa-1,
lbkckddj-1,
lbkdjdbl-1,
ldgcljek-1,
lbjdogpm-1,
lbjgoaia-1,
ldgdhbdi-1,
ldgdfpec-1,
ldgcmmkg-1,
lbjfbkep-1,
lbmdaifb-1,
lbjfebhp-1,
lbjeflpo-1,
lbjehgmp-1,
lbjgafdd-1,
lbjfpokb-1,
ldgbffad-1,
lcgeghno-1,
lcgdljma-1,
ldgandac-1,
lcgcfmih-1,
lcgdgoph-1,
ldfnomfe-1,
lcgeakbd-1,
lcgcmnko-1,
lcgcmlgo-1,
lcgchcjd-1,
ldfnoopf-1,
ohpkfpli-1,
ldfocddp-1,
lciliagj-1,
ldgdbige-1,
ldgdjapb-1,
lcinjjpk-1,
lcilocie-1,
lcgehcok-1,
ldgdcppf-1,
ldgbamej-1,
lciocoed-1,
lcimhgli-1,
lcinbmih-1,
lcinkidl-1,
ldgcfnag-1,
ldgiolhd-1,
ldgfbcnc-1,
ohpboced-1,
lbmgipig-1,
ldgfofcf-1,
lbmgfkcg-1,
lbmgoeje-1,
ldgfhmmf-1,
lbmglndo-1,
lbmgfclj-1,
ldgafkch-1,
lbmfibgm-1,
lbmembec-1,
ldfpomoa-1,
lbmcimec-1,
lbmejkbn-1,
lblnnpbb-1,
lblobcmc-1,
lblnkjbi-1,
lblljgcg-1,
ldgifnen-1,
lbllpbak-1,
ldggaadp-1,
lbnlmhff-1,
lbloemgj-1,
lblnbbam-1,
ldgfpgjl-1,
lblmbdnh-1,
ldgfimld-1,
lciongop-1,
lcikmpep-1,
lcikmdgh-1,
lcimjhdh-1,
lcikkenf-1,
lcioiojl-1,
ldiefhdm-1,
lcipadlc-1,
lciogaij-1,
lcinhodc-1,
lciohffj-1,
ldgabjhc-1,
ldgaecoi-1,
ldgfcfan-1,
lcjaaoel-1,
lciofdip-1,
lcipimba-1,
lcijdeko-1,
lciidchc-1,
lcipjkpg-1,
ldidadin-1,
lciodepk-1,
lcipnael-1,
lciifnjp-1,
ldgiofdj-1,
lcipfjki-1,
lcipfpoh-1,
lcdefelb-1,
lcfomlmc-1,
lccpemmd-1,
lcgcdlni-1,
lccopegh-1,
lccphjaj-1,
lccpbnpe-1,
lcgbnank-1,
lcfokang-1,
lcfpcapm-1,
lcfpglpb-1,
lcgbhefb-1,
lcgafmca-1,
lcfpmaeb-1,
ohpkdpme-1,
lcgbgkap-1,
lcfnooll-1,
lcdepeld-1,
lccpkeij-1,
lcdfmaek-1,
lciligaa-1,
lciklhmo-1,
lcilfaej-1,
lcddhnng-1,
lcdfchak-1,
lcdeiokk-1,
lcconlhd-1,
lcdegjaf-1,
lcimidkl-1,
lccpddaa-1,
lcdbncfc-1,
lcdcanai-1,
lcfhmlhg-1,
lcfhkpjj-1,
lcdccnni-1,
lcffklbo-1,
lccpkkkg-1,
lcmdihfn-1,
lcdacgol-1,
lcdadckh-1,
lcffndgn-1,
lcmdieck-1,
lcmbgjid-1,
lcfhllip-1,
lcdeoanl-1,
lcdapgjm-1,
lcdaipia-1,
lchlando-1,
lcdajegf-1,
lcicnaha-1,
lcdajlhc-1,
lcdcidbg-1,
lcdcgkhn-1,
lcdalfmc-1,
lcdblfee-1,
lcdconph-1,
lccpkjcf-1,
lccnpgbp-1,
lccomgma-1,
lccojfmg-1,
lcipdmng-1,
lccnokdi-1,
lccmpmga-1,
lccnflgh-1,
lcclceji-1,
lccldppp-1,
lcionddd-1,
lccncmac-1,
lcddgone-1,
lcdedock-1,
lcdffkpo-1,
ldieedhm-1,
lchjabgn-1,
lchgfmid-1,
lchenpke-1,
ldiddaff-1,
lciikamc-1,
lchfface-1,
lchgpjal-1,
lchkijgl-1,
lchfbaoo-1,
lcjadlfh-1,
lchkdmjf-1,
lcclbdmc-1,
lcclpign-1,
lchmbekl-1,
lchmipdf-1,
lchplncl-1,
lchkkekp-1,
lcibafcf-1,
lchpiccd-1,
lchmefml-1,
lcdfocal-1,
lchnmmdo-1,
lchlpmdj-1,
lchnpkef-1,
lchnmfcc-1,
lcicofah-1,
lchlcnbk-1,
lchnddkm-1,
lchkeoni-1,
lchjpajb-1,
lcifjdok-1,
lciclfnm-1,
lcmnecgm-1,
lchmlapb-1,
lchmlkaj-1,
lchonddd-1,
lchmeemi-1,
lchlmelg-1,
lchppmcg-1,
lchmmjjc-1,
lbmpkkon-1,
lbmkekje-1,
lbogkefo-1,
lbcjkibd-1,
lbbopinh-1,
lbcfhfml-1,
lbcemekb-1,
lbbplind-1,
lbbpjgbb-1,
lbcohghk-1,
lbbokghp-1,
lbcdemoo-1,
lbcdddbd-1,
lbcdjffi-1,
lbbonnmi-1,
lbccmlbb-1,
lbbonlhd-1,
lbbmdheh-1,
lbcpnpke-1,
lbconemj-1,
lbbenbck-1,
lbcjdgdl-1,
lbbfdppj-1,
lbcjilen-1,
lbbfilpe-1,
lbcancna-1,
lbcaeecj-1,
lbcbbmfg-1,
lbcbacif-1,
lbcabajk-1,
lbcefdkg-1,
lbcacjjd-1,
lbcfhggc-1,
lbnmkcia-1,
lbnngkgn-1,
lbbphpbg-1,
lbnmmeng-1,
lbblpina-1,
lbbmpppb-1,
lbnopkfj-1,
lbbpjfmg-1,
lbbmcmia-1,
lbblkfmf-1,
lbbnpalg-1,
lbbmhibj-1,
lbnojphn-1,
lbbnlnfj-1,
lbolfchm-1,
lbbhflpp-1,
lbbdmncc-1,
lbbfkono-1,
lbbdbgac-1,
lbbdoagf-1,
lboleoab-1,
lbboobpj-1,
lbbdohgk-1,
lbbekhgg-1,
lbbekknn-1,
lbbpgbpb-1,
lbbdhflk-1,
lbamafib-1,
lbaoglfd-1,
lbadnbep-1,
lbcajkni-1,
lbcaiihn-1,
lbaejgoa-1,
lbadiacl-1,
lbalnpjc-1,
lbclllll-1,
lbckpkji-1,
lbbbppde-1,
lbckfknn-1,
lbcljije-1,
lbbcboee-1,
lbclejpg-1,
lbbgdgjm-1,
lbbbfoec-1,
ldoaedgf-1,
lbankaai-1,
lbbblchn-1,
ldnppcep-1,
lbaoeadm-1,
lbaonmje-1,
lbagkpdn-1,
lbbbldak-1,
lbapbogf-1,
ldoabgbm-1,
lbaiblbl-1,
lbamamef-1,
lbalnmfn-1,
lboglddn-1,
lbamkjki-1,
lbbcbkbi-1,
lbogdmog-1,
ohonipga-1,
lbammbkc-1,
lboepicn-1,
lbbchedo-1,
lbbcdcml-1,
lbbfofbh-1,
lbofbhkb-1,
lbbgnjkl-1,
lbbckppl-1,
lbapgapb-1,
lbmnbbof-1,
lbappoci-1,
lbankcmd-1,
lbancpgk-1,
lbanailj-1,
lbaodgbh-1,
lbbbdnck-1,
lbaneinf-1,
lbappdoj-1,
lbbakifg-1,
lbbankoi-1,
lbamhfpe-1,
lbofemkj-1,
lbodpnlp-1,
lbohhmmm-1,
lbohjjdd-1,
lbnmnnpd-1,
ohpeaamn-1,
lboikbne-1,
ohpdpkbl-1,
lbobbbnb-1,
lboaddjj-1,
lbnnihid-1,
lbnpijof-1,
lbnpknje-1,
lbnofhnb-1,
lbnnlmlm-1,
lbnogbka-1,
lbnnmcbo-1,
lboenapm-1,
lbofldie-1,
ohpeampb-1,
lbogoiii-1,
lboklpnp-1,
lbojmakj-1,
lbokjdnk-1,
lbolbidj-1,
lbojfkkm-1,
lboilkmh-1,
lboiglef-1,
lboipocg-1,
lboilkop-1,
lboallil-1,
lbockigb-1,
lboblmjp-1,
lbnfnoab-1,
lbndpgle-1,
lbnmggkg-1,
lbneeana-1,
lbnmjikd-1,
lbobheih-1,
lbneiknf-1,
lbnjoocb-1,
lbnlgplg-1,
lbnllgeg-1,
lbnlhnjg-1,
lbomkfhn-1,
lbomgddh-1,
lboecmie-1,
lbomjhjp-1,
lbodffjg-1,
lbodndfd-1,
lbohpedi-1,
lbocaplc-1,
lbocjono-1,
lbnfoiik-1,
lboaiimk-1,
lbodffam-1,
lboafpof-1,
lboljbmi-1,
lbmkelfj-1,
lbmlgknb-1,
lbofigno-1,
lboeecim-1,
lbmkkoog-1,
lbmkpolf-1,
lbmkpnlb-1,
lbmnfhpm-1,
lbogacib-1,
lboelpkj-1,
lbofojjg-1,
lboflgkh-1,
lboejnne-1,
lbofmjgg-1,
lbofginc-1,
lebldjio-1,
lbmjpheh-1,
lbmjhofk-1,
lbmjfdmd-1,
lebkocop-1,
lebjffph-1,
ohpcilfb-1,
lebkdmkh-1,
lbmliaim-1,
lbmnajmg-1,
ohpcbigg-1,
lbmmodoc-1,
lbmmmcfl-1,
ohpdllgd-1,
lbncghok-1,
lbndlhla-1,
lbndoleh-1,
lbnbcamc-1,
lbmngkoi-1,
lbomejjf-1,
lbmpagca-1,
lbmnfgna-1,
lbmpnlhp-1,
lbnanonp-1,
lbolodki-1,
lbmoljch-1,
lbmnfgdk-1,
lebkfhln-1,
lebideop-1,
lebkjmie-1,
lebjblgh-1,
lebgmjfk-1,
lebkncme-1,
lbmpppai-1,
lbnabpnh-1,
lebkdjdi-1,
lebkgihd-1,
lbnacbep-1,
lebklcpp-1,
lbncaomf-1,
ldoegbom-1,
ldogffbc-1,
ldokmgld-1,
ldpahjaj-1,
ldojmapg-1,
ldngpmno-1,
ldnhdicf-1,
ldojjggp-1,
lappjonh-1,
ldoaejem-1,
lappfopg-1,
ldojmnfc-1,
lbabgifa-1,
lbaibmhp-1,
ldnkkdcp-1,
ldnjoipn-1,
ldnkeeba-1,
lapopepf-1,
ldnoadlm-1,
ldnnblli-1,
ldpchocn-1,
ldnphede-1,
ldobplpb-1,
ldofcfhi-1,
ldocgaji-1,
ldnigjdp-1,
ldnglidg-1,
ldnihadc-1,
ldpbdemf-1,
ldngcnan-1,
ldnifpea-1,
ldojeioo-1,
ldomdama-1,
ldokhmlk-1,
ldokpkae-1,
ldojllgm-1,
ldokgphf-1,
ldokaoem-1,
lbabnbjm-1,
lbaaafeg-1,
lbanfeme-1,
lapnlcog-1,
lbabhilh-1,
laponnjj-1,
lbabmonn-1,
ldpakngk-1,
ldoeoodm-1,
ldofnenc-1,
ldpcdcgj-1,
ldpbkjab-1,
ldoomlij-1,
ldofacbj-1,
ldoooclj-1,
ldopnjoo-1,
ldoojdcl-1,
ldpabkdp-1,
ldpclebf-1,
ldpchgii-1,
oiaceeia-1,
ldpnheim-1,
ldpnalae-1,
ldpmddll-1,
ldpmmgpk-1,
ldpmajlh-1,
ldnodhio-1,
ldnfbicj-1,
ldnepdef-1,
ldnficec-1,
ldnfccfa-1,
ldnmlhph-1,
ldnflido-1,
ldnoilie-1,
ldnnojlp-1,
ldnpbeic-1,
ldpopled-1,
oiacdicj-1,
leacbnbl-1,
ldpphkef-1,
leabinmn-1,
ldmmbhfp-1,
ldpppfke-1,
leabffme-1,
ldppkhbj-1,
leabjceb-1,
ldmdbfpa-1,
leabdbfo-1,
ldpmnman-1,
ldmfaokj-1,
ldoejigh-1,
ldoelokg-1,
ldoeoidm-1,
ldoelmfm-1,
ldodhejc-1,
ldoifjbd-1,
ldojbnpi-1,
ldoipggl-1,
ldohkcac-1,
ldojecna-1,
ldoinben-1,
ldodglfe-1,
ldofcdoo-1,
ldmkdhmn-1,
ldmfelff-1,
ldmdgajm-1,
ldmdbhda-1,
ldmenbff-1,
ldmfanan-1,
ldmdmdbn-1,
ldmgjiep-1,
ldmembfi-1,
ldmgpjhl-1,
ldmfngba-1,
ldmfdlbb-1,
ldmfihkn-1,
lecmkjlb-1,
leblcfjl-1,
lecfbkon-1,
leceimnb-1,
lapnbccb-1,
lecfecok-1,
lapndoie-1,
lecblidn-1,
lecfjmbl-1,
leceiihj-1,
lapmpnoj-1,
lapmojol-1,
lecdoena-1,
lapnifle-1,
lecbnbde-1,
leccohfn-1,
lecfahmh-1,
ldokolok-1,
ldoljglo-1,
ldopmgmi-1,
lecaiddb-1,
lecjloej-1,
lecjlkpf-1,
oiadfdge-1,
ldomaghb-1,
leckbica-1,
leckladl-1,
leclbpej-1,
ldopghki-1,
lebknobc-1,
lecgpjaj-1,
lebmpilk-1,
lebmkpff-1,
lecchlmd-1,
lebhfook-1,
lebhjbck-1,
lebkmdfl-1,
lebecelo-1,
leccjnfa-1,
leccmkpe-1,
lebloidi-1,
lechjoaf-1,
leccdidc-1,
lebmlokb-1,
lebelpob-1,
leciamap-1,
lebdpejb-1,
lebeghej-1,
lebmgnjj-1,
leblaipm-1,
lecigooc-1,
lecjalno-1,
lebngggn-1,
leblkkkm-1,
lebncihk-1,
leblkjjl-1,
lechnkkj-1,
ledenlhm-1,
lebpkdhh-1,
lebpadfd-1,
leboiiaa-1,
ldohfbjb-1,
lebphbgf-1,
leboohbp-1,
ldooeoic-1,
lecjekal-1,
lecjgfpo-1,
oiacpoko-1,
ldooicid-1,
leckgmjg-1,
leclhbil-1,
ldopgalc-1,
ldocpinh-1,
ledeckeg-1,
ledeaklf-1,
ldmgpkia-1,
lebobnjb-1,
ledfccla-1,
lebnmikj-1,
lebnghnn-1,
ldmghedd-1,
lebnmkfk-1,
lebpdohp-1,
ldofiojh-1,
lebpmbkg-1,
lebacljp-1,
lebolail-1,
leclhgai-1,
lealikfl-1,
lebabofi-1,
leclpaao-1,
lealjchj-1,
leaopbem-1,
leapcdjo-1,
leclkbmm-1,
lecncopj-1,
lebpcdng-1,
lebpdanb-1,
lecmkalp-1,
lebbahpk-1,
ledgclam-1,
ledfmmhd-1,
ledlaigo-1,
ledlnmki-1,
lebajebh-1,
lebafnkn-1,
ledlfmkc-1,
ledjkghh-1,
ledeilok-1,
ledkjang-1,
ledjmaaa-1,
leaojfnk-1,
lbnbfanf-1,
lcihgnih-1,
lbompjfi-1,
lciiafjd-1,
ldgealcp-1,
lbnfnepl-1,
ldgegeic-1,
ldggilei-1,
lbnjjfon-1,
lbnjmlhk-1,
ldggoogd-1,
lbnejiaj-1,
ldghnkim-1,
lbnjhodl-1,
lbnjmdig-1,
lbnejbme-1,
lcijjmfk-1,
ldggpfmf-1,
lbnlmgaa-1,
lbnjdmeo-1,
lbnhdfgg-1,
ldfloamc-1,
lbngepce-1,
ldgdmkfk-1,
lbnjcbbc-1,
lbngpelp-1,
ldgdpked-1,
lbnieigp-1,
ldgfageg-1,
lbnfbjko-1,
lchanknb-1,
lbnfmadm-1,
lcgolmlp-1,
lcgopbno-1,
lchakpif-1,
lcgpgdkb-1,
lcihmkmk-1,
lcijnfbf-1,
lcijmphg-1,
lcijgdfm-1,
lciijchc-1,
ldieiaml-1,
lcihmhpn-1,
ldielgam-1,
lcijeohl-1,
ldifohin-1,
lchdiega-1,
lchdmdhd-1,
lchcglnl-1,
lchbjlfc-1,
lchchcke-1,
lcheneen-1,
lchcdclo-1,
lchbbpmo-1,
lchbepcg-1,
lchbhhjc-1,
lcgnpepb-1,
lcgppapb-1,
lchbbaip-1,
lcpcdlbm-1,
lbmodmbb-1,
lconoboi-1,
lcopngee-1,
lbombkce-1,
lconphja-1,
ldfmajhc-1,
lcoohnjc-1,
lbmobpba-1,
lbolghgi-1,
lbommloi-1,
lbmokpmd-1,
lcpadmai-1,
lboliplb-1,
lbonbjno-1,
lchckepo-1,
lbnbomio-1,
lbnbaaag-1,
lcgkmhfi-1,
lbnbfgfj-1,
lbmojnaa-1,
lcoogook-1,
lbnbgmnd-1,
lcoojipg-1,
ldfmhkac-1,
lcpabplk-1,
lbmoblng-1,
lbmoiajp-1,
lbmohahp-1,
lcpehoij-1,
lcpcgchi-1,
ldaghbmp-1,
ldaghedh-1,
lcpeahdg-1,
lcpcekgi-1,
lcpdddhp-1,
ldafohjf-1,
ldafjldp-1,
lcpdaiap-1,
lchemnlm-1,
lchdpjnl-1,
lchelkfj-1,
lchcfkbb-1,
lcoojllk-1,
lcpbbmkh-1,
lcpbmdjk-1,
lcgligkn-1,
lcgllblp-1,
lcpboeeb-1,
ldagioko-1,
lcgmddjl-1,
lcpbkmmn-1,
lcphccbn-1,
lcpgimdf-1,
ldahcaam-1,
lcpdfpae-1,
lcjcffho-1,
lcigcjbm-1,
lcienbho-1,
lcicohcn-1,
lchhpild-1,
lchhjljk-1,
lchimakh-1,
lchhdkin-1,
lciehacn-1,
lchiboag-1,
lcificah-1,
lcigijda-1,
lchfiago-1,
lcidglcb-1,
lchidpan-1,
lcignjli-1,
lchiincd-1,
lchegooa-1,
lcjdiofh-1,
lcgnpgfj-1,
lcgofjdb-1,
lcjdmlpc-1,
lcjbcaaa-1,
lcjdnpfk-1,
lcjdmmji-1,
lcgnejbb-1,
lcjeokpp-1,
lcjeicff-1,
lcjekdci-1,
lchhbjfa-1,
lcjfleoh-1,
lcjiienc-1,
lciekopb-1,
lcigpgdk-1,
lcjhhmnb-1,
lcihdjmi-1,
lcjhgngp-1,
lchnaeji-1,
lcifiiip-1,
lcihdeki-1,
lcifmdbk-1,
lchnggfl-1,
lcigbjnb-1,
lchnfcee-1,
lcjgpeoe-1,
lcjfndch-1,
lcjkmapb-1,
lcjkiaee-1,
lcjgniop-1,
lcjfeanb-1,
lcjgjinm-1,
lcjkepdn-1,
lcjjbdol-1,
ohpkhpok-1,
lcjfalgj-1,
lcjfmdoc-1,
lcjfipfi-1,
lcjdgdof-1,
ldaejoof-1,
ldahjgfe-1,
ldahkmij-1,
ldadfogb-1,
ldaepaci-1,
ldadjkfp-1,
ldaigdma-1,
lcjambdb-1,
lcjccjpm-1,
ldaiehmp-1,
lcjcnjhh-1,
lcjbjodg-1,
lcjbgghi-1,
ldadihpj-1,
lchefimh-1,
ldcoahif-1,
ldajnhjn-1,
ldcmfcpn-1,
ldahdcad-1,
ldcmhbfo-1,
ldcnlfke-1,
ldajedbb-1,
ldajfkol-1,
ldaljjmi-1,
ldahgocl-1,
ldagoajj-1,
ldahgehl-1,
ldagnfcd-1,
ldahjibl-1,
ldahjfbb-1,
lcjhegog-1,
lcjdhnmk-1,
ldaiccna-1,
lcjdfknh-1,
lcjhdbkg-1,
lcjdejda-1,
lcppfpci-1,
ldhapdkp-1,
ldahkmpk-1,
lcppanbb-1,
lcjjmdmi-1,
lcjchcad-1,
ldcnigpj-1,
ldcnldmm-1,
ldadcbac-1,
ldcnfpij-1,
ldajomlg-1,
ldajdoel-1,
ldanefno-1,
ldbabjoi-1,
ldadbjnm-1,
ldaijmoh-1,
ldanhble-1,
ldalgkof-1,
ldakggpd-1,
lcnpnnhc-1,
lebdndfi-1,
lcomcnhh-1,
ldfkghnj-1,
lebfidac-1,
lebfcobd-1,
lebghnim-1,
ldfmmknc-1,
lbnacejd-1,
lbnalnja-1,
lebgbpcf-1,
lebhccpe-1,
lebgpcod-1,
lconigoi-1,
ldfkgbpb-1,
ldfmidmi-1,
ldfmmgji-1,
lebgcgmk-1,
lcomhaia-1,
lebfppgp-1,
lecfmdfb-1,
ldfjodpp-1,
lecfoded-1,
lebdikgk-1,
ldfkcnmo-1,
lcolpmnk-1,
lechchhd-1,
lebfbhkm-1,
lebfnjhk-1,
lebdmoji-1,
lebfaaga-1,
lcolkdcg-1,
lcpellel-1,
lcombcik-1,
lcpeknkf-1,
lcglakoe-1,
lcpgcipd-1,
lcpbamji-1,
lcpafmal-1,
lcpgdbci-1,
lcondnpc-1,
lcpffcic-1,
lcphcicd-1,
lcgkifmp-1,
lconjhbl-1,
lcomnbbb-1,
lcpnkgng-1,
lcpobcic-1,
lcognfpi-1,
lcglejph-1,
lcpnnckj-1,
lcpnbahj-1,
lcomioli-1,
lcomeood-1,
lcglbogg-1,
lcpekdef-1,
lcpnpafi-1,
lcomimoh-1,
lcoienho-1,
lecnfooc-1,
ldfipape-1,
lebdeibj-1,
lecodogi-1,
oiaacjmj-1,
lcokgngn-1,
lcohodfm-1,
lecfkmgn-1,
lebedmnd-1,
oiacpmkc-1,
lecgeiig-1,
lebeegca-1,
lecofopc-1,
leakkhbn-1,
lebdlkpl-1,
leajkleg-1,
lealnhlf-1,
lealifjc-1,
lealphej-1,
leakdccg-1,
ohpmpkep-1,
lccdjakf-1,
leajkcml-1,
lccdhhmo-1,
leakhdbd-1,
leakjhgp-1,
lcolcdok-1,
lealnhab-1,
lcojphlj-1,
lcojkkpi-1,
lcojifom-1,
lcofnifm-1,
lcokcami-1,
lcojldga-1,
lcofkcka-1,
lcohpnjn-1,
lcohapjg-1,
lcohhdpm-1,
lcogonkn-1,
lcoiaopn-1,
lcgkhaoi-1,
lcoilogd-1,
lcccoeel-1,
lcojhinh-1,
lcojclke-1,
ldigpdjb-1,
lcoaikhl-1,
lcokgbid-1,
ohplfdjl-1,
ohpmknim-1,
lcbcapcc-1,
lcnoeglp-1,
lcohmgdd-1,
lcokdfgb-1,
lcoipjii-1,
lddjcjlm-1,
ldcpmejh-1,
lcpjhpga-1,
lcpkanln-1,
lddcdgbd-1,
lcpjlohk-1,
lddcgdln-1,
lcphihke-1,
lcpidgai-1,
ldcmbffe-1,
lcgmnean-1,
ldcmopoc-1,
lcpikpoe-1,
ldcncbpp-1,
lcphhfea-1,
ldcmkpap-1,
lcpiedoe-1,
lcpmipkl-1,
ohpllhhe-1,
lcoelipe-1,
lddhljmo-1,
lcohinja-1,
lcoehjpo-1,
lcplgofg-1,
lcplbkgg-1,
lcpmmojo-1,
lcgmfgjh-1,
lcpjeeoi-1,
lcpmnnnj-1,
lcpmoelm-1,
lddjomgn-1,
lddkldbe-1,
ldcpeijf-1,
ldddocnl-1,
ldcpffgg-1,
lddgegge-1,
lddgeecm-1,
lddafkgi-1,
lddaiecc-1,
ldddggji-1,
ldconobg-1,
ldcoobeb-1,
ldcobdci-1,
ldcobogn-1,
lddckami-1,
lddhniaa-1,
lddjjpop-1,
lddjpbci-1,
lddidklc-1,
lddkoplo-1,
lddlgbhk-1,
lddljgal-1,
ldejiach-1,
lddljbpc-1,
lddkagca-1,
lddhpkcl-1,
lddbjafp-1,
lcoclkec-1,
lcochnah-1,
lcobhdpo-1,
lcobjpbo-1,
lcnoepnf-1,
lcnolilo-1,
lcnoigcl-1,
lcodnbnm-1,
lcoecphk-1,
lcoehfll-1,
lcoekfgb-1,
lcodnhom-1,
lcohilmo-1,
lcofdpil-1,
lcohllmi-1,
lcbbbopm-1,
lcodlkjo-1,
lcbefnlh-1,
lcnnnnfg-1,
lcbaongn-1,
lcnnljap-1,
ohplbkbc-1,
lcodggbd-1,
lcodjfod-1,
lcnoajmm-1,
lcnnooko-1,
lcoacdic-1,
ohplkgnc-1,
ldehcoen-1,
lcobpaoa-1,
ldchhfem-1,
ldcidnmi-1,
ldcifohm-1,
ldcmalfe-1,
ldclmono-1,
ldcllgjo-1,
ldchgdko-1,
ldchiffa-1,
ldcjpbbl-1,
ldcjnbmp-1,
ldchoibi-1,
ldcijpmo-1,
lcaggdbp-1,
lcalmklf-1,
lcaggfie-1,
ldgogeci-1,
lcaliiah-1,
lcaggooi-1,
lcalhmkd-1,
lcafmehc-1,
ldgojmfi-1,
ldhdioip-1,
ldefmhbh-1,
ldhdhcoj-1,
ldefdeai-1,
kpomobpa-1,
lcldnaij-1,
lcmbnpep-1,
lclpijne-1,
lclnikjn-1,
lcfkafge-1,
lcfeoamf-1,
lclnfnbd-1,
lcfegbmk-1,
lcffcbnm-1,
ldgocoif-1,
lclnoflk-1,
ohpkaifn-1,
lcmbjkla-1,
lcmajlpp-1,
lcmapdcd-1,
lcmaonnc-1,
lcmaghfn-1,
lclpleec-1,
ldgockag-1,
lclmhanh-1,
lcfiacid-1,
lcfjphec-1,
ldhcfgfo-1,
lcfgeffi-1,
lckldpbe-1,
ldgobilp-1,
ldgndbhf-1,
lcllhfjf-1,
ldgnoike-1,
lclmfmpm-1,
lclmedfl-1,
lclmocgl-1,
lckkpepm-1,
lcklimjh-1,
lcklikoh-1,
lclngfip-1,
lcklgheo-1,
lckkpgpk-1,
lcldjcia-1,
lckkggmj-1,
lckkihhd-1,
lclpgofg-1,
lclpaicd-1,
lckncagi-1,
lcknihjp-1,
lckoendg-1,
lckmnedj-1,
lckolkmm-1,
lckmbnmb-1,
lckmdecd-1,
lckllkai-1,
lclfhjcd-1,
lcddedme-1,
lcmdgkfn-1,
lcmcngfc-1,
lcmckejl-1,
lcmdfjfo-1,
lclfoien-1,
lcmeojgb-1,
lcmcbagn-1,
lcmbipef-1,
lcmeincd-1,
lcmepoam-1,
lcmeofcc-1,
ldgpipig-1,
lclpbcbe-1,
ohpkodgm-1,
lclhanhj-1,
lclianip-1,
lcljgngi-1,
lcliockc-1,
lclknoek-1,
lcllbfoa-1,
lclinllm-1,
lcllbnne-1,
abjbedbp-1,
lclkdacm-1,
lclkmlng-1,
lcmcgnmd-1,
lclkbdbp-1,
lclfbnla-1,
lclejbji-1,
lclekpgo-1,
lclgjkoc-1,
abjbdigj-1,
lclflalm-1,
lclebkbe-1,
lclgbbek-1,
lckkmnpd-1,
lclfelcj-1,
lclfhpla-1,
lclfejaa-1,
lclfgfgb-1,
lckkfhap-1,
lcnhcooh-1,
lcnfeepb-1,
lckhhoha-1,
lcnnhfik-1,
lcnfekml-1,
lcnfnmgb-1,
lcngkblg-1,
lcnglehk-1,
lcldopbk-1,
lcnhglpe-1,
lcngnloc-1,
lcnhhope-1,
lclfdfdf-1,
abjaogel-1,
lclbdapn-1,
lckphcid-1,
lckpohlo-1,
lckpgkig-1,
lclbfled-1,
lclbbiad-1,
lckpmmae-1,
lckpedid-1,
lckojidb-1,
lclbiolk-1,
lcldjkbm-1,
lckioegp-1,
lcldoflf-1,
lcldbpjd-1,
lcldnnaj-1,
lckhmkab-1,
lckinlpc-1,
lckhmpfk-1,
lclbgljc-1,
lckhmkja-1,
lclcddln-1,
lckiinjm-1,
lckjpodi-1,
laaapobp-1,
lcnighan-1,
laaghhdk-1,
lcnicadj-1,
kpppnfki-1,
laaaejnd-1,
lcnjghbg-1,
lcnilpgk-1,
lcnipflb-1,
lcnjimll-1,
lcnkfmjg-1,
laaaimkk-1,
lckgfjjk-1,
abjagohj-1,
lckgklic-1,
lckkdgnj-1,
lcnliken-1,
laaglhoj-1,
lcnmjjga-1,
laagmmdl-1,
lcnmnfhp-1,
lcnmmhbc-1,
lcnncokk-1,
laaghdbe-1,
laagkpoi-1,
lcniakco-1,
laahdahj-1,
lcnilcmo-1,
lcnibgkm-1,
laagcgfp-1,
laagbgnb-1,
kpppdifj-1,
kppoalcf-1,
kpongnce-1,
laagabdb-1,
laaflgmm-1,
laaappek-1,
kpppmjlk-1,
kppbaphd-1,
laaieeea-1,
laaiclli-1,
kponhodp-1,
kpomhhgd-1,
laajbibl-1,
kpomkjaf-1,
laaiiaml-1,
kponnnaf-1,
kpomjcdo-1,
laaflble-1,
laamejla-1,
lcmogkfa-1,
lcnaipcb-1,
lcmgofnb-1,
lcmfndhc-1,
lcnfcgkp-1,
lcmhjmni-1,
lcmgabfp-1,
lcmgpobi-1,
lcmhcbei-1,
lcmggjfp-1,
lcnfdjje-1,
lcmfmmma-1,
lcmghcae-1,
lcmgljip-1,
lcnenkeh-1,
lcmfcfhc-1,
lcmfjdhc-1,
lcmikihf-1,
lcmnilka-1,
lcmlkpoc-1,
lcmoagaj-1,
lcnahecb-1,
lcneinoi-1,
lcmnamja-1,
lcmlbnli-1,
lcmfbcam-1,
lcmmeofd-1,
lcmnfhac-1,
lcmljijn-1,
lcnfdodi-1,
laanbafm-1,
laamgdla-1,
laajkdle-1,
laancnmf-1,
lcnkodem-1,
laambanm-1,
lcnmfieo-1,
laamgmmk-1,
laajkcea-1,
laajhjcg-1,
oholkolm-1,
laajkffk-1,
lcnllngc-1,
laajpkee-1,
laciaieh-1,
lcmpmcpk-1,
lcmpkaji-1,
lcnaldid-1,
lcmplkjp-1,
laafgpob-1,
lachpjoh-1,
laamopdn-1,
laaobgci-1,
ohomaafb-1,
lcnabgbl-1,
laafjjaj-1,
lcnafcha-1,
lcmjjkfa-1,
lcnedkod-1,
lcnebddh-1,
lcncodll-1,
lcndjjdf-1,
lcndefce-1,
lcndkhbf-1,
lcnchhhh-1,
lcicbjfh-1,
lcndodlc-1,
lcnchhda-1,
lcmpahmk-1,
lcmihnda-1,
lcmnficb-1,
lcmjecbe-1,
lcmkllkh-1,
lcjplffm-1,
lcjhkpod-1,
lcjpanfa-1,
lcjpjalo-1,
lckagojn-1,
lcmjmomp-1,
lcndomed-1,
lcjpppnk-1,
lcjphngk-1,
lcneiebl-1,
lcmjmmbf-1,
abinnmbe-1,
lcncpnao-1,
lcjpmfmc-1,
lckdfmeo-1,
lckbkjmi-1,
lcmpajdf-1,
lacianpb-1,
lcnaomkm-1,
lcnbdfkg-1,
laafdgmh-1,
lcnannbj-1,
lcmpjenh-1,
lcmpchel-1,
lcmjakkm-1,
lachmlpm-1,
lcmpiold-1,
lckbmnfn-1,
lckcbegk-1,
lcmkfneb-1,
lcmkdcmj-1,
lacihlmj-1,
lachfooh-1,
lckdglgd-1,
lacifbel-1,
lacdojdo-1,
lckbmeec-1,
lckbomnk-1,
lckbgebj-1,
lacibdjg-1,
lacdblog-1,
kponeagk-1,
laanmejm-1,
kppfhjjm-1,
laaldjgh-1,
kppflaka-1,
laallaoc-1,
laakmkdi-1,
kponjbeb-1,
laalkfhc-1,
laakaphn-1,
laakfchh-1,
kponflla-1,
kpojfjig-1,
kpomobep-1,
kponlail-1,
laakpdgc-1,
lacbnpdh-1,
kppfgclg-1,
kppflooh-1,
kppfbmdj-1,
laamjgef-1,
kppeindm-1,
laannigi-1,
kppfmajl-1,
laammale-1,
laamnmfj-1,
laccfohg-1,
kppehgkg-1,
kppfghdn-1,
kppgieoi-1,
kpopffnn-1,
kppajkom-1,
kpokipab-1,
kppgggbi-1,
kpompflb-1,
kppbighp-1,
kpolalfg-1,
kppcjfog-1,
kpoofmji-1,
kppcheei-1,
kppbgnjb-1,
kpolljcm-1,
kpphohco-1,
kpphaobo-1,
kpoholkm-1,
kpphjbab-1,
kpphlbhf-1,
kpphnpie-1,
kppgjlfg-1,
kppfonpi-1,
kppjhhnd-1,
kppgnapi-1,
kpopjado-1,
kpooneif-1,
kponohab-1,
kpojedai-1,
lacfeaah-1,
lacaofab-1,
kpoipkln-1,
lacahchj-1,
lacapplp-1,
lacbfief-1,
lacepgci-1,
lacapgdh-1,
lacaillk-1,
abinlmmi-1,
kpohnojm-1,
lacccffh-1,
lacbfihi-1,
lacdfgpe-1,
kpognmoc-1,
lacgakof-1,
lachdhem-1,
lacegcfi-1,
lachaehg-1,
kpoghclh-1,
kpogolil-1,
lacgclca-1,
lacdnnmm-1,
laceldbn-1,
lacgmffi-1,
kpohpdal-1,
lacaeobp-1,
kppmgkhn-1,
kpplkpfl-1,
kpojdfpl-1,
kpoielpp-1,
kpplnoij-1,
kppkagcf-1,
kppkmnlm-1,
kppkoeeb-1,
kppkbnmn-1,
abinkpal-1,
kppkmokj-1,
kpohcjnh-1,
labmgnpk-1,
labnafkh-1,
labndemk-1,
labmhgim-1,
kpogipnh-1,
labmjdbb-1,
kpphapnb-1,
kpphhhia-1,
kppheghn-1,
kppliaif-1,
lddecahn-1,
ldbhhicn-1,
ldbcbnjc-1,
lcmhnfan-1,
lcjlfedf-1,
lcjljagg-1,
lcjolaan-1,
lcjmlkln-1,
lcjmliif-1,
lcjmkjah-1,
lcjmmlab-1,
lcjmhhpa-1,
lcjikdll-1,
lcjkkhah-1,
lcjpabck-1,
lcjoloka-1,
lcjjjeeg-1,
lcjoplcj-1,
lcjjhnhh-1,
ldacbchc-1,
ldgooooh-1,
lcjhaolm-1,
lcppemhd-1,
ldabfblb-1,
ldgpflia-1,
ldacgegd-1,
ldabcoln-1,
lcponckb-1,
ldhcgmjk-1,
lcjodhjh-1,
lcjmdeoi-1,
lcjnjhlp-1,
lcjmmaie-1,
lckechpm-1,
lcjmkdgc-1,
lckfhfkg-1,
lckeipam-1,
abimjoai-1,
lckeifgf-1,
lcjmmkhl-1,
lckdmpmn-1,
lckgbjbf-1,
lckdjpkn-1,
lcmidajo-1,
lcmicige-1,
lcmifpgj-1,
ldbcadal-1,
ldbillce-1,
ldbfgpck-1,
lckapkla-1,
lcjkpihp-1,
lcjldgji-1,
ldbcmbim-1,
ldbifhja-1,
lckalogc-1,
ldbbnebl-1,
lckbbcbo-1,
ldbefjoc-1,
lckbgbeh-1,
ldbgdhog-1,
ldacmmjd-1,
ldapnace-1,
lcpohijb-1,
lcpohckg-1,
ldbaolbo-1,
ldbbifck-1,
ldabchkh-1,
ldacjjdi-1,
ldbcgbbm-1,
ldbdciaj-1,
ldbafklm-1,
lcpohjhn-1,
ldbdgink-1,
ldbdbdfn-1,
lcppolpi-1,
ldbnhlgd-1,
ldbpoenc-1,
lddfbbhp-1,
ldbomghi-1,
ldbnplni-1,
lddffdgn-1,
ldbniopp-1,
ldboomfn-1,
ldbpckbo-1,
ohpnbiob-1,
lcpocomb-1,
ldbopcfb-1,
ldbnioba-1,
ldbjpajo-1,
ldbgebgd-1,
ldbfjbpj-1,
ldbgabng-1,
ldbjnnle-1,
ldbfmmnj-1,
ldbjldjj-1,
ldbfjhcm-1,
ldbimjep-1,
ldbhjcop-1,
ldbepeem-1,
ohpnkged-1,
ldbdpngm-1,
ldbelneo-1,
ldbmjmbc-1,
ldbmjdpo-1,
ldbmjhhn-1,
ldbhhopl-1,
ldbmlhbm-1,
ldbhffed-1,
ldbncadj-1,
ldbgjbcd-1,
ldbnfbke-1,
ldbnghkn-1,
ldbmfgpe-1,
ldbmbhhi-1,
ldbnhaec-1,
labelfbp-1,
labgmhcn-1,
lackaieg-1,
laclohif-1,
lackbgnm-1,
lacjpahp-1,
labjpbag-1,
labjmglj-1,
laclkgcj-1,
labipamk-1,
labjgook-1,
lachlknl-1,
lachglcf-1,
lacdkeoc-1,
lacgloma-1,
labjlffo-1,
lckfkdde-1,
labonego-1,
labplgje-1,
labpleed-1,
labhdjki-1,
labhgimn-1,
lckagpkp-1,
labhgdac-1,
lckajake-1,
lacikopa-1,
laclieac-1,
laclkgaf-1,
labhdeci-1,
lackmkgl-1,
labnmend-1,
labhjkoh-1,
labiihfb-1,
labiiajn-1,
labneeno-1,
labifmpo-1,
labnhbkp-1,
labiliep-1,
labnhlke-1,
labohkom-1,
labnajal-1,
labilolo-1,
labijool-1,
labgneid-1,
labpjnhd-1,
labgedoj-1,
labmgakh-1,
labmfdkb-1,
labgebke-1,
labmfclh-1,
labenjdi-1,
labgogoc-1,
lacnoaji-1,
ldbjnodp-1,
lacmlokb-1,
labpoicf-1,
lacpjneb-1,
lacpacfn-1,
lacacbff-1,
ldbkpihj-1,
laconapa-1,
lacolgoj-1,
lacolhld-1,
ldbkdcco-1,
ladbhkeg-1,
ldbkladk-1,
lacofnee-1,
lacpbibd-1,
ldbhfhde-1,
ldblpdmo-1,
laclphaj-1,
ldbmclhf-1,
lacmdjho-1,
ldbiofec-1,
lacnabkn-1,
lacplcni-1,
ladcldgp-1,
ladbdbfh-1,
ladakljd-1,
ladacgpg-1,
labojgaa-1,
labgjmhp-1,
ladacajc-1,
ladbfhip-1,
lacplpjf-1,
laboiclg-1,
ladblalk-1,
lacnbeac-1,
ladcdopi-1,
ladbmikk-1,
ladcheam-1,
lacnclcl-1,
lacofjll-1,
laddjmof-1,
ladakbah-1,
ldbgiode-1,
ldanjdco-1,
ldeclnlm-1,
ldddbicp-1,
lddhkinh-1,
ldddbgpd-1,
lddfjfah-1,
lddhflee-1,
lddgfpfi-1,
lddgania-1,
ldccadmk-1,
lddgkbol-1,
lddhbnaa-1,
lddgiimm-1,
ldcgldal-1,
lddglhpn-1,
ldbpjmnk-1,
ldddbipk-1,
ldcgapkg-1,
ldchbahc-1,
ldcegmgm-1,
ldeipkbi-1,
ldcfnlpk-1,
ldcgnhdf-1,
lddhhlad-1,
ldcfelho-1,
ldeaihhi-1,
ldeijnlm-1,
ldcfpgmk-1,
ldejccad-1,
ldejdhgd-1,
ldcdnhcn-1,
ldcedilc-1,
ohpnkkjh-1,
ldcdbnjf-1,
ldcblphg-1,
ldcbdecd-1,
ldcdpkpd-1,
ldcblifp-1,
ldapcgjm-1,
ldaolmnp-1,
ldccmnkc-1,
ldccaboh-1,
ldcbkiif-1,
ldbmghfh-1,
ldebbmep-1,
ldedkiaj-1,
ldebmcoj-1,
ldeaijae-1,
ldeaoloj-1,
ldeagfoi-1,
ldanpcpd-1,
ldcaecmc-1,
ldcbbmod-1,
ldcbched-1,
ldcajeca-1,
ldcahhja-1,
ldapgjln-1,
ldgmpcpi-1,
ldekkode-1,
ldekkmgf-1,
ldeheckf-1,
ldclcjlg-1,
ldckilih-1,
ldehnooh-1,
ldcmambb-1,
ldeabcdj-1,
ldclafld-1,
ldeicloc-1,
ldckhbgc-1,
ldejioch-1,
ldeiidbc-1,
ldclappd-1,
ldclhlpb-1,
ldhinlpd-1,
ldhjfmjp-1,
lbplbnak-1,
ldgmlipg-1,
ldgohojg-1,
ldhdbjha-1,
ldhdhdln-1,
ldgogcgj-1,
oiaagadj-1,
ldejnnbg-1,
ldelelah-1,
ldejenoo-1,
ldejkbaa-1,
ldglfhec-1,
lafbbpog-1,
ldglldci-1,
lddnhaia-1,
ldgmbopn-1,
lddmphdb-1,
ldgllhcd-1,
lddppcfd-1,
ldeaepkb-1,
ldeaaomo-1,
ldedobhi-1,
ldeegdin-1,
ldeelple-1,
ldeeghol-1,
oiaaggoh-1,
ldhgbaai-1,
ldgkbkho-1,
ldgjfmai-1,
ldhdjgll-1,
ldhfpgca-1,
lbpleipl-1,
ldhdpdce-1,
ldhehmif-1,
ldhfanna-1,
ldgmcdff-1,
ldgmdnak-1,
lddpbijo-1,
lddmmmkb-1,
ldapiocc-1,
ldapjnmg-1,
ldapmlce-1,
ldapfocd-1,
ldaogkcp-1,
laejbjmf-1,
laejcbdk-1,
laelpihc-1,
laaocmec-1,
laeijcoi-1,
laejaenm-1,
ldanplaf-1,
labahbfl-1,
laapiklk-1,
laapneij-1,
ldanobpi-1,
ldannkka-1,
laehbeam-1,
laegogpp-1,
laegmmap-1,
laaokppp-1,
laemcjeb-1,
abjhllpc-1,
laenldli-1,
laeldoch-1,
laemdpec-1,
laenfhdi-1,
laeicpgc-1,
laekhifg-1,
laegegbe-1,
laehgfhl-1,
lafgilea-1,
lddoglep-1,
lddojhnc-1,
lddpemeh-1,
laefoeoi-1,
laefkgel-1,
lddmgllc-1,
lafanoba-1,
laepihbi-1,
lafbgheo-1,
lafaagig-1,
laefdgle-1,
lafaebcj-1,
lafaedjd-1,
laenfhfk-1,
lddmdbhk-1,
ldhechle-1,
ldhfpeib-1,
lafgbbjl-1,
lafgaohk-1,
lafdjnfc-1,
laffjbni-1,
laffblnc-1,
lafeodef-1,
lddmecaj-1,
lddmghpf-1,
laffejnn-1,
laefmbig-1,
laegdchl-1,
laefndal-1,
abjiepkh-1,
abjidkjo-1,
abjieaga-1,
laeodeci-1,
laefdbcg-1,
lafabeok-1,
lafckhmk-1,
lafcppei-1,
lafcokbl-1,
lafgpdfd-1,
lafgbdmf-1,
lafekppm-1,
lafgibhc-1,
lafdeabe-1,
laeegkhd-1,
lafenpmh-1,
laefaogi-1,
ldkkpkmh-1,
ldjmcknk-1,
ldmpnecf-1,
leenkana-1,
ldmconee-1,
ldpgiaeb-1,
ldpgnalg-1,
ldpelgbm-1,
ldpeldah-1,
ldpfiged-1,
ldnaoonl-1,
leaeallp-1,
ldmlogbc-1,
leadhndm-1,
leabaohh-1,
leaegehn-1,
leadokii-1,
leaelpii-1,
leadlepp-1,
ldmmkmla-1,
leghckad-1,
legjbmgf-1,
legjkhaa-1,
legjfafb-1,
legjieho-1,
legialfo-1,
ldpdjhai-1,
ldpgjlka-1,
ldpdkcal-1,
ldphlkab-1,
legheiba-1,
ldpdphcl-1,
ldphifem-1,
abkgmobg-1,
ldnbioim-1,
ldnaiaal-1,
oiacknpp-1,
ldnacnbh-1,
ldmjjkhe-1,
ldmhlpoo-1,
ldmllgpn-1,
ldmiigci-1,
ldmkfkfj-1,
ldmhmdbf-1,
ldmkjhpf-1,
ldmkifon-1,
ldmmlghh-1,
ldmafkoi-1,
ldmaneim-1,
ldmbbjak-1,
ldmaaidb-1,
leemnlog-1,
ldmcbmnc-1,
ldmcbhpo-1,
ldmcoccb-1,
ldmblkep-1,
ldnadlnj-1,
ldnbfoip-1,
ldmmokjg-1,
ldnbfpob-1,
leenmkib-1,
legjobok-1,
legmbppg-1,
legkeoog-1,
legkdhjd-1,
leeodbpd-1,
leeommpd-1,
legkcmmf-1,
legggleg-1,
leenipkp-1,
legjlcec-1,
legkdfbo-1,
legklejh-1,
legmcapo-1,
legjlhmo-1,
legjlpop-1,
leggakdn-1,
legfiocl-1,
lefmkngo-1,
lefmakbl-1,
leggcmjh-1,
lefmfnje-1,
leflpkep-1,
legndfkd-1,
legbjnik-1,
legohhfi-1,
legomhhh-1,
legphdje-1,
legpifbi-1,
lefdpcff-1,
lefdkllm-1,
lefdlpbb-1,
leeofgnm-1,
leemjbif-1,
leemfoob-1,
leenidpi-1,
leenpmlg-1,
leeocmkn-1,
leeocelc-1,
leempohf-1,
leemfgol-1,
leemkhgh-1,
leeoghbn-1,
lefgmhhk-1,
lefgocbc-1,
lefkkimi-1,
lefgcnmi-1,
lefdkgkj-1,
leffkdmn-1,
leflhnpf-1,
lefhgkij-1,
lefgopbh-1,
lefdpnih-1,
lefkljne-1,
lefdpcfk-1,
lefgokfh-1,
ldjhcabo-1,
ledhoefj-1,
ledhfffj-1,
ldmnmlcd-1,
ldmpoode-1,
ldmoaofj-1,
ldmmpcph-1,
ledgompd-1,
ldmnigco-1,
ledieiep-1,
ldmondjl-1,
lediiija-1,
ldmhloff-1,
ledinkao-1,
ledehfbk-1,
ldmjpncm-1,
ldmjkaip-1,
ledagigd-1,
ledaeajl-1,
ledacpnd-1,
leepceaf-1,
leepafgf-1,
leemohoh-1,
ldmagifo-1,
ledapile-1,
ledaoplm-1,
ldmafmfn-1,
ledahfob-1,
ldmmneoc-1,
ledgcobb-1,
ledcgbco-1,
lebcfmjj-1,
ledhfdnf-1,
lebdegad-1,
ledhpoon-1,
ledhgbop-1,
ledhloop-1,
ledmbdcc-1,
ledgippo-1,
ledhipef-1,
ledfimpb-1,
ledeakcg-1,
ledibada-1,
ledhgfba-1,
ledjhoep-1,
ledafjdk-1,
leddggak-1,
ldjhkgap-1,
ledioigh-1,
ledchplk-1,
ledlofcj-1,
ledcmlkm-1,
ledjhanp-1,
ledbceln-1,
lednfmef-1,
ledmncom-1,
ledmmmhn-1,
ldjjbjif-1,
lefclmld-1,
lefdaedc-1,
ldjlabmk-1,
ldjpjaih-1,
ldjpecbe-1,
lecojama-1,
leepeeac-1,
leepfhag-1,
leepedal-1,
lecokpia-1,
lecpodhe-1,
lecpgajh-1,
lecpgeig-1,
leeoommj-1,
ledafjob-1,
lefffoka-1,
lefejhhl-1,
ldjkfgll-1,
ldkadplk-1,
ldjkoige-1,
lefejanm-1,
lefeeeof-1,
lefcjedn-1,
ldjkgnkn-1,
lefeimnp-1,
ldjmapfa-1,
lefdhbjl-1,
ldjpcena-1,
ldjjibbf-1,
ldjidocf-1,
ldjhobcp-1,
leddhcec-1,
ldjhndno-1,
leddhgnd-1,
ldjhofib-1,
leddlabd-1,
ldjekokk-1,
ledcnjno-1,
ldjgogbh-1,
ldjjlkjp-1,
ldjhbgei-1,
ldjineme-1,
ldjmlocl-1,
ldjkfbfe-1,
ldjmjikp-1,
ldjngbko-1,
ldjidefh-1,
ldjfkdfb-1,
ldjfldhd-1,
ldjimgce-1,
ldjoaijn-1,
ldjnfjnk-1,
ldjoobhn-1,
ldjiaejf-1,
ldjgdmak-1,
lehimdfg-1,
legaejmg-1,
lefiimjd-1,
lehbcoil-1,
lehaeogb-1,
lefjmfdo-1,
lehahbff-1,
lehccokh-1,
legcfhgc-1,
lefhjgog-1,
lefhhcon-1,
legpmchf-1,
lehamage-1,
leflmmog-1,
legcakmk-1,
leflnalp-1,
legclmgh-1,
legbgema-1,
legakdnj-1,
lefpehfp-1,
legabdbg-1,
lefpfeap-1,
lefpkalj-1,
lefjcdad-1,
lefjamcp-1,
lefnppib-1,
lefogcje-1,
leeiaggo-1,
lefgjmje-1,
leelhpii-1,
leejdcjf-1,
leehmanh-1,
leegniae-1,
leephadk-1,
leffnnhj-1,
leekdfeo-1,
lefcaeof-1,
leelalno-1,
lefappgi-1,
lefhoggh-1,
lefgemfb-1,
lefhkcbh-1,
leekodfp-1,
lehikpna-1,
leegkmkl-1,
leelofim-1,
leemehjb-1,
leejnibo-1,
leeldiel-1,
leeialih-1,
leeiinpk-1,
leekgped-1,
leeieghb-1,
leekjljl-1,
lehgadjl-1,
lehkkedj-1,
lehfnpad-1,
lehjhdje-1,
lehfnfkk-1,
lehhnkhp-1,
lehfjfgk-1,
lehjbcne-1,
lehifgld-1,
ldkgiihg-1,
ldjbiiba-1,
leejgede-1,
ldkbhekb-1,
ldkcempg-1,
ldkbnade-1,
ldkbkjnn-1,
ldkapoki-1,
ldkbhbih-1,
leejbcli-1,
ldkbibel-1,
ldkamnch-1,
lefanogo-1,
ldkcgplm-1,
ldjipajm-1,
ldjlkjco-1,
leepogha-1,
ldkjjemd-1,
lehinpkh-1,
ldkginjc-1,
ldkkgphl-1,
ldkiidhf-1,
ldkhkddc-1,
ldkinpkk-1,
lehiobpp-1,
ldkiplko-1,
ldjcfklp-1,
ldkilkcd-1,
ldkikipp-1,
ldkcdmdm-1,
ldjcjepl-1,
ldjebmal-1,
ldjdlcfc-1,
ldjeaeoo-1,
ldjdfdam-1,
ldjeicng-1,
ldjefgik-1,
ldjaolli-1,
ldjbcdol-1,
ldjdgkbe-1,
ldjacagk-1,
ldjbalgl-1,
ldjbamgd-1,
ldjbafhc-1,
ldkjonbi-1,
ldkjpeob-1,
ldkmiepg-1,
ldkmjhon-1,
ldkmmajd-1,
ldkmglmn-1,
ldkhgojc-1,
ldlpimdb-1,
ldjcfklo-1,
ldkhmdoi-1,
ldlnajfo-1,
ldjcbmpi-1,
ldlmgpgm-1,
ldkkkimk-1,
ldkgpaeo-1,
ldkfpljg-1,
ldkpggcg-1,
ldkpceea-1,
ldklcocb-1,
ldkeeajc-1,
ldkmihgm-1,
ldklaadn-1,
ldkdmfik-1,
ldkdnojn-1,
ldkdnelo-1,
ldkjlebf-1,
ldkdkhnd-1,
ldkodkma-1,
ldklponf-1,
ldkklplb-1,
lfihiojk-1,
ldibomni-1,
ldjfjgoe-1,
lccfkpfj-1,
leamnaji-1,
leamdebo-1,
leanbicd-1,
leakoape-1,
leaofhkh-1,
leaihlni-1,
lealdcig-1,
ohpgjdph-1,
lebcmocd-1,
leakghbh-1,
leakddea-1,
lealafij-1,
lebcfmna-1,
lccdjngm-1,
lccclkpe-1,
leahinbo-1,
leafnmoo-1,
leafppnd-1,
ldjenagn-1,
lcccdfpi-1,
leaogngn-1,
ldlmfckl-1,
leafolmf-1,
leampcak-1,
ldjgeagj-1,
leamohbf-1,
leagakgf-1,
leambgmc-1,
ldihmnaf-1,
lccebccm-1,
ldicefna-1,
lcccpdko-1,
ldigdaoc-1,
lccchneb-1,
lccefbbc-1,
lcccjalg-1,
lccdcgjc-1,
ldigmmaf-1,
ldifphaf-1,
lccclahl-1,
ohpgajca-1,
ldigfbjn-1,
lccfiojm-1,
ldhokhai-1,
lccbmoia-1,
ldhpgaba-1,
lccbadoo-1,
lccapeao-1,
lccfmmmo-1,
lccfflei-1,
lccdogaf-1,
ldhphhjc-1,
ldhpmfjj-1,
ldicgndp-1,
lcceeifa-1,
leagpamj-1,
leafhdbc-1,
leafpbcp-1,
leafnhpk-1,
oiabnkga-1,
leafkbao-1,
leaiafmp-1,
leagllfj-1,
ldjafnkh-1,
ldlmefif-1,
ldlmbffn-1,
ldipplkf-1,
leaiggna-1,
ldiplebg-1,
oiacaakg-1,
ldlmcbhj-1,
ldlkmbpk-1,
ldjaioii-1,
leafeadk-1,
ldlliiph-1,
ldlobnfi-1,
ldipjilh-1,
ldlobpeb-1,
ldllbfgk-1,
ldlkfndd-1,
ldljbafo-1,
ldlnekdh-1,
ldlklkoj-1,
ldllhgdo-1,
ldhoanml-1,
lccahemp-1,
lccaaddh-1,
lcboodjg-1,
lcbpmoac-1,
lcboeeok-1,
ldhnpbpe-1,
lcbplmnf-1,
ldhpembl-1,
oiaaoelk-1,
lcbokakj-1,
lccagmdj-1,
ldhpfgfo-1,
leagijpp-1,
lccgalnn-1,
lccinpkk-1,
lccibloc-1,
lcchmkhh-1,
ldhogfah-1,
lcciiijc-1,
lcckhkml-1,
lcbofamm-1,
lcckgodc-1,
ldhogclf-1,
ldhnoiaf-1,
lcbohdnk-1,
lcckamda-1,
ldfhhlpj-1,
lcafgiih-1,
lcamehlh-1,
lcbcikkk-1,
ldichhfi-1,
ldhjpgpf-1,
lcbcmcfn-1,
lcalogfm-1,
lcbclghj-1,
lcbchncm-1,
ldhigmhi-1,
lcnnmbcf-1,
lcbbjdmp-1,
lcbaolba-1,
ldigfhcn-1,
ldhieipj-1,
lcbboogd-1,
ldhpcoii-1,
ldhoplfi-1,
ohpeimai-1,
ohpenjce-1,
lcbepdmi-1,
lcaghhem-1,
lcbfkall-1,
lcbfifeb-1,
lcaniolp-1,
ldhonjkd-1,
lcalfgfp-1,
lcbccfcn-1,
ldickfpb-1,
ldhkbhlp-1,
ldhlhdeb-1,
ldhkcipo-1,
ldhlcoeo-1,
ldhkjkkg-1,
ldhiobom-1,
ldhinfpl-1,
ldhjekme-1,
ldhkdjhn-1,
ldhjfogf-1,
ldhkhmcn-1,
ldhkegko-1,
ldhlhdof-1,
ldhihnmp-1,
ldfejahf-1,
lcagnemj-1,
ldhjlkhh-1,
lcagonln-1,
ldfbgmje-1,
lbphdcpe-1,
ldfcaojb-1,
ldfbjpep-1,
ldfecfbb-1,
ohpoaohb-1,
ldfckocj-1,
ldfdageo-1,
ldhldapm-1,
lbpfckcp-1,
ldibieji-1,
ldibkkpo-1,
lcanboeb-1,
lcahpnef-1,
ldibjipk-1,
lcanfgjf-1,
lcbanchh-1,
lcapeapb-1,
ldfiaahd-1,
lcbfijdk-1,
lcahojpn-1,
ohpecikb-1,
ldhogmbn-1,
lcaghapg-1,
ohpegone-1,
lcbhplpi-1,
lcbifcgf-1,
lcamkogl-1,
lcahkbfk-1,
lcbakhpn-1,
lcchobnb-1,
lcchpbam-1,
lbpgmloi-1,
lcaikokn-1,
lcanfgig-1,
lcchgjpn-1,
lcbhnlmm-1,
lcaiiehf-1,
lbpiahpe-1,
lbpocpbb-1,
ldfikgme-1,
ldfifigh-1,
lbpkfpha-1,
ldfhgdmo-1,
lbphlipj-1,
lbphkphb-1,
ldfikmkj-1,
ldfhnlhf-1,
ldfifofn-1,
ldfihkhj-1,
ldfhnpco-1,
ldfhgbdh-1,
lbphchkd-1,
lbpgfkfn-1,
lbpehahe-1,
lbpholfd-1,
ldfhfihj-1,
lbpicfpa-1,
lcbnkifa-1,
lccjjcjm-1,
lccjekph-1,
ldlicbnc-1,
ldljlbco-1,
ldlohbkh-1,
ldlmbbmp-1,
ldlmmapp-1,
ldleemai-1,
ldlhjcko-1,
ldlippbp-1,
ldljlnbc-1,
ldlplfec-1,
oiaccjll-1,
ldlojdbk-1,
ldlpjhnk-1,
ldljgmkb-1,
ldlfnjde-1,
ldliggfi-1,
ldlhgcfi-1,
ldleepml-1,
ldlhmgoi-1,
ldlppecp-1,
ldlecajg-1,
ldldooch-1,
ldldfcfj-1,
ldleiofn-1,
ldlfmacm-1,
ldlodmnp-1,
ldlfjoca-1,
lccjmelo-1,
lcbmpnob-1,
lcckolcj-1,
lccjnnhj-1,
lccghpbc-1,
lcbobnpc-1,
lccfnenk-1,
lcbobcgd-1,
lcbhjcma-1,
ohpffcmh-1,
lcchafef-1,
lcchbkdf-1,
lcckbggm-1,
lccggnof-1,
lfigbojf-1,
lfigpkkp-1,
ohpfnibc-1,
lcbmjlof-1,
lcbhfeoi-1,
lcbfopno-1,
lcbnlnii-1,
lcbmlcdi-1,
lcbhalmh-1,
lcbnjfbb-1,
lccjcbac-1,
lcbncdad-1,
lfgafamc-1,
lfgjebjl-1,
lfgbgflf-1,
lfgjgifk-1,
ldlhipcn-1,
ldlhfhhn-1,
oiabfjka-1,
lfgiklaf-1,
lfgjcjan-1,
lfgahfho-1,
lcbnoldn-1,
lfignlkb-1,
lcbmgnoo-1,
abjgelni-1,
lcbadhef-1,
lcakbgmp-1,
lcajninp-1,
lcapfnmm-1,
lcapgdaf-1,
lcapjnam-1,
lcbiijng-1,
abjcgokb-1,
lcajbogd-1,
lfihbdaf-1,
lcakiebi-1,
abjdbkfh-1,
lcakmibb-1,
lcaknape-1,
lcbielei-1,
lcakjcoi-1,
abjcineb-1,
lcbikekd-1,
lcbgaiag-1,
lcbfpnhf-1,
abjdcjcg-1,
lafhcgcc-1,
abjfcdag-1,
ldfgdpmi-1,
ldhniegh-1,
ldhnndbp-1,
ldhmfcil-1,
ldgjcmji-1,
ldhnhele-1,
ldhiahjp-1,
ldhloagk-1,
ldhhmnpd-1,
ldhmnjnh-1,
ldhngdbn-1,
ldhildop-1,
ldhilljm-1,
ldhmcgpg-1,
ldgkpgna-1,
lbpllamj-1,
ldfgdbdg-1,
ldfciodl-1,
ldffjjeh-1,
ldfcibpe-1,
ldfeikhl-1,
ldfccbfi-1,
ldffappk-1,
ldhgfhnj-1,
ldhlhogd-1,
ldhllbma-1,
ldhlhkjl-1,
ldfdfkjn-1,
ldhgildn-1,
lafhdpgo-1,
ldhhibkf-1,
lafncfjj-1,
ldhhjmnm-1,
ldhhlgid-1,
lafmbemb-1,
lafmodhh-1,
ldhgpgkm-1,
ldhhfjna-1,
ldhhapom-1,
lafmccpm-1,
lafmfeli-1,
lafnejlo-1,
ldhgnpck-1,
lafkbmbh-1,
lafjpbni-1,
abjeaien-1,
ldfgfnpo-1,
lafjbgoj-1,
lafimmif-1,
abjdkbpj-1,
ldhglnoh-1,
lafhmbme-1,
lafhgcch-1,
lafhgiij-1,
lafkbopc-1,
ldfepcip-1,
lbppebkh-1,
ldepcjee-1,
lbpobioh-1,
ldeojinp-1,
ldeobfen-1,
ldepjidf-1,
ldfgldmg-1,
ohpoiima-1,
ldfhahbd-1,
lbpmkgdp-1,
ldfggnbo-1,
abjefklj-1,
ldfeklmb-1,
ldfepnai-1,
lbppookd-1,
ldfapblc-1,
lafbhhnn-1,
lafbnefg-1,
ldfgfjch-1,
ldfelkip-1,
abjeclld-1,
lafbnebh-1,
lafoccim-1,
lafiencf-1,
lafnnjhf-1,
laficikh-1,
lafkmnbb-1,
lafoiddi-1,
lafnglbl-1,
lafcocpj-1,